Id,attempts,comments,blank_line,lloc,sloc,system_access,exam_grade_codebench,delete_average,average_log_rows,submission_per_exercise,sucess_average,test_average,exercises_list_grade,exercises_list_grade_check_plagiarism,copy_paste_proportion,sintaxe_error,IDE_usage,keystroke_latency,jadud,watson,cont_condition,cont_cicle,cont_variable,error,final_grade
1173,0.0,3,2,5,5,11,0.0,68.8,526.2,0.0,0.0,13.4,0.0,0.0,-1.0,1.0,4.97,4.36,113.6,-1.0,0.4,0.0,2.6,0.2,0.38
1305,0.0,0,0,0,0,35,0.0,0.0,0.0,0.0,0.0,0.0,0.0,0.0,-1.0,1.0,0.0,0.0,-1.0,-1.0,0.0,0.0,0.0,0.0,0.0
1310,0.0,0,0,0,0,2,0.0,0.0,0.0,0.0,0.0,0.0,0.0,0.0,-1.0,1.0,0.0,0.0,-1.0,-1.0,0.0,0.0,0.0,0.0,0.0
1688,9,18,11,20,20,9,0.0,44.67,290.33,3.0,0.4,4.0,0.42,0.42,-1.0,0.33,26.6,2.65,26.0,20.0,0.67,1.67,3.67,0.23,0.0
1984,2,7,5,15,15,30,0.0,27.5,220.25,0.5,0.25,2.25,0.18,0.14,1.0,0.0,15.87,3.3,2.75,-1.0,0.25,0.25,1.75,0.26,0.0
2101,59,74,126,183,183,26,10.0,25.16,251.18,1.38,0.87,3.12,7.5,4.5,1.28,0.31,173.78,2.49,15.74,5.15,0.29,0.0,2.88,2.97,10.0
2102,126,40,72,135,135,69,10.0,74.1,569.55,3.0,0.5,10.29,5.36,3.06,0.12,0.4,391.14,3.3,46.93,12.96,0.29,0.0,2.33,2.54,8.01
2103,69,46,65,147,147,24,10.0,37.16,347.18,1.53,0.67,3.81,5.71,4.05,0.38,0.28,176.49,3.64,12.03,5.31,0.0,0.0,2.36,2.74,7.84
2104,107,58,40,172,172,83,10.0,61.12,357.5,2.15,0.72,5.0,7.5,5.85,0.14,0.38,261.59,2.09,21.55,7.91,0.23,0.0,2.64,2.97,9.22
2105,155,39,44,171,171,35,5.0,25.5,262.3,2.88,0.58,4.73,7.5,7.5,0.08,0.36,171.88,2.28,23.12,14.59,0.26,0.0,2.38,2.8,2.03
2107,49,29,40,82,82,24,5.0,26.0,247.0,1.76,0.47,3.86,3.12,2.09,0.23,0.43,92.81,2.65,26.95,11.24,0.0,0.0,1.68,1.71,6.85
2108,73,21,24,162,162,26,0.0,14.06,69.39,1.7,0.7,0.27,7.5,2.93,0.0,0.33,60.68,5.38,1.72,7.36,0.0,0.03,2.39,2.66,1.67
2109,92,44,36,110,109,26,0.0,24.88,295.15,1.96,0.67,8.11,5.3,2.65,0.98,0.36,155.57,4.19,45.12,13.42,0.32,0.0,1.89,2.26,0.13
2110,85,39,29,162,162,40,10.0,26.53,265.79,1.68,0.76,5.18,7.5,4.65,0.6,0.27,153.48,3.7,17.44,6.41,0.26,0.0,2.62,2.94,7.46
2111,50,1,8,57,57,28,0.0,64.2,250.67,1.5,0.42,4.84,2.92,0.96,0.04,0.26,145.16,2.57,9.12,1.84,0.0,0.0,1.0,1.86,0.2
2112,57,9,48,124,124,28,5.0,30.45,220.14,1.64,0.69,3.69,5.36,3.7,0.25,0.4,187.58,3.24,22.21,6.48,0.0,0.0,2.07,2.51,7.6
2113,156,39,89,131,131,43,5.0,32.34,307.69,3.29,0.6,3.52,5.0,2.15,0.03,0.42,138.47,2.82,26.78,38.0,0.3,0.0,2.28,2.46,2.42
2114,99,40,85,177,177,29,10.0,29.22,314.34,2.3,0.62,3.03,7.5,4.27,0.01,0.2,157.23,3.63,7.41,3.12,0.26,0.03,2.52,3.0,7.63
2115,89,42,86,154,154,33,5.0,54.33,373.73,2.31,0.6,3.2,5.86,3.75,0.15,0.39,264.49,3.2,29.81,5.48,0.24,0.0,2.72,2.54,2.35
2116,147,33,36,127,127,25,5.0,33.44,242.11,3.67,0.51,4.86,5.0,3.2,0.03,0.49,147.93,2.25,54.82,43.71,0.24,0.0,2.07,2.43,1.35
2117,48,39,75,170,170,55,10.0,17.12,218.61,1.24,0.97,2.09,7.5,4.27,0.0,0.15,275.0,1.57,5.03,0.0,0.26,0.0,2.67,3.0,8.98
2118,59,39,77,172,172,37,10.0,57.74,422.55,1.41,0.78,6.06,7.5,5.7,0.06,0.1,243.87,2.56,27.88,0.44,0.26,0.0,2.67,2.94,8.05
2119,134,39,19,124,124,19,0.0,24.81,213.48,3.52,0.65,3.31,5.0,3.05,0.28,0.61,207.19,1.66,40.07,42.89,0.32,0.0,1.85,2.23,0.4
2120,117,59,102,168,168,59,10.0,75.3,449.94,2.41,0.6,5.45,7.14,5.35,0.03,0.32,254.3,3.29,26.88,8.76,0.26,0.0,2.55,2.97,7.48
2121,124,39,20,171,171,55,10.0,29.36,286.59,2.88,0.61,5.61,7.5,4.65,1.3,0.4,194.35,2.4,33.94,17.94,0.26,0.0,2.58,3.0,7.92
2122,95,28,95,122,122,64,10.0,51.33,428.19,2.44,0.62,9.3,5.0,2.65,0.04,0.55,305.76,2.37,75.19,20.0,0.0,0.0,2.18,2.23,9.48
2123,278,39,34,175,175,59,10.0,46.45,314.91,5.75,0.41,6.85,7.5,5.03,0.94,0.39,244.76,1.93,50.34,41.88,0.26,0.0,2.38,2.83,8.19
2124,112,38,36,128,128,48,5.0,49.79,385.93,3.0,0.61,7.69,5.71,4.11,0.02,0.48,436.46,2.27,58.52,11.72,0.0,0.04,1.83,2.6,6.85
2125,119,17,9,58,58,98,5.0,57.0,375.29,3.5,0.34,11.75,2.74,1.95,0.03,0.17,126.3,2.35,31.0,6.96,0.0,0.0,1.0,1.8,3.83
2126,122,20,32,146,146,58,5.0,27.9,278.06,2.94,0.56,5.31,6.43,3.02,0.62,0.33,203.79,3.25,35.29,11.34,0.0,0.0,2.09,2.57,6.47
2127,90,39,23,171,171,33,10.0,32.91,313.65,2.38,0.69,3.5,7.5,6.08,0.11,0.42,225.76,1.75,13.23,12.62,0.26,0.0,2.28,2.94,7.91
2128,65,33,19,104,104,22,5.0,26.75,239.33,1.74,0.67,2.71,4.52,2.4,0.08,0.42,131.72,1.78,20.22,11.5,0.28,0.0,2.12,2.11,0.49
2129,323,0,12,175,175,56,10.0,41.73,411.76,5.94,0.54,7.69,7.5,4.8,0.07,0.42,289.58,3.42,87.09,59.52,0.0,0.0,2.82,2.97,9.13
2130,67,46,83,171,171,70,10.0,45.74,453.44,1.48,0.84,7.91,7.5,2.48,0.28,0.25,335.97,2.15,25.58,2.0,0.26,0.03,2.65,2.94,2.34
2131,165,31,59,115,115,42,0.0,115.7,666.07,4.04,0.42,20.63,4.17,4.17,0.2,0.35,233.18,4.16,83.48,17.27,0.29,0.0,2.3,2.2,4.68
2132,48,21,15,117,117,18,10.0,27.35,185.88,1.27,0.83,2.72,4.73,3.78,2.74,0.21,105.3,2.92,11.35,2.41,0.21,0.0,2.48,2.29,2.03
2133,101,39,54,137,137,24,0.0,48.5,343.52,2.3,0.56,2.5,5.36,2.84,0.05,0.49,234.18,2.23,23.22,18.78,0.31,0.0,2.41,2.34,0.13
2134,157,53,92,169,169,71,10.0,43.44,439.52,3.33,0.58,12.59,7.5,5.03,0.45,0.35,343.19,2.54,83.55,16.7,0.23,0.06,2.55,2.8,9.69
2338,52,40,53,126,126,19,5.0,21.46,237.59,1.29,0.9,2.79,5.36,4.23,-1.0,0.29,136.58,2.34,7.93,0.52,0.3,0.0,2.04,2.43,2.63
2340,1,0,4,12,12,28,0.0,87.0,777.5,0.5,0.0,19.5,0.0,0.0,0.07,0.0,0.0,0.0,182.0,-1.0,0.0,0.0,0.0,0.11,1.64
2341,19,0,23,47,49,24,5.0,5.08,9.42,1.08,0.9,0.08,2.14,0.0,43.56,0.32,0.83,0.0,0.0,1.15,0.0,0.0,0.67,1.17,1.49
2342,92,36,48,121,121,16,5.0,28.74,307.15,2.77,0.48,1.69,4.79,3.4,0.51,0.37,136.4,1.97,13.08,18.35,0.29,0.0,2.0,2.31,2.88
2343,60,92,68,141,141,38,0.0,64.28,405.96,1.5,0.6,6.3,5.36,4.13,0.06,0.32,389.77,2.21,38.07,1.47,0.28,0.23,2.03,2.6,0.14
2344,23,0,16,35,35,16,0.0,38.93,125.85,1.36,0.78,6.0,2.5,2.5,0.01,0.22,56.59,2.94,36.5,3.57,0.0,0.0,0.43,1.11,0.59
2345,21,0,8,34,34,13,0.0,11.27,121.29,1.21,0.83,1.77,2.5,1.12,0.0,0.19,40.35,2.18,6.08,0.0,0.0,0.0,0.36,1.26,1.13
2346,14,0,0,10,10,4,0.0,10.43,60.5,1.5,0.65,0.0,1.07,0.61,-1.0,0.14,17.17,1.63,0.0,0.0,0.0,0.0,0.0,0.51,0.03
2367,26,7,9,70,70,41,0.0,45.35,354.88,1.44,0.54,4.62,2.5,0.83,1.5,0.19,81.21,3.11,31.41,0.0,0.06,0.0,2.17,1.37,7.08
2403,0.0,0,0,0,0,26,0.0,0.0,0.0,0.0,0.0,0.0,0.0,0.0,-1.0,1.0,0.0,0.0,-1.0,-1.0,0.0,0.0,0.0,0.0,0.0
2477,14,0,0,12,12,2,0.0,21.83,300.57,1.33,0.64,6.29,1.07,0.61,0.0,0.0,20.45,3.37,8.67,-1.0,0.0,0.0,0.0,0.54,0.03
2478,51,26,25,145,145,40,10.0,35.9,356.24,1.45,0.77,4.47,5.51,5.12,0.25,0.18,170.12,4.5,10.1,0.0,0.0,0.0,2.77,2.6,8.82
2479,69,52,52,174,173,50,10.0,7.03,117.85,1.74,0.79,1.21,7.5,2.77,3.3,0.12,84.8,3.93,3.76,7.38,0.26,0.0,2.55,2.97,5.87
2506,2,0,0,0,0,1,0.0,0.0,0.0,0.0,0.0,0.0,0.0,0.0,-1.0,1.0,2.16,1.18,-1.0,-1.0,0.0,0.0,0.0,0.03,0.0
2546,9,0,0,13,13,8,0.0,5.14,61.62,1.0,1.0,1.62,1.43,0.54,0.0,0.11,8.36,3.69,0.0,0.0,0.0,0.0,0.0,0.63,0.01
2552,125,39,20,130,130,21,10.0,51.37,299.5,2.33,0.69,6.9,5.71,4.57,0.0,0.34,187.72,2.51,33.45,11.0,0.29,0.0,2.27,2.57,1.77
2578,0.0,0,0,6,6,6,0.0,32.5,219.5,0.0,0.0,0.0,0.0,0.0,1.91,1.0,5.94,2.67,-1.0,-1.0,0.0,0.0,0.0,0.11,0.0
2634,14,0,6,28,28,18,0.0,11.43,79.14,1.0,0.96,1.38,2.32,0.39,2.74,0.0,30.77,2.02,0.0,-1.0,0.0,0.0,0.27,1.23,0.22
1098,69,39,80,177,177,45,10.0,8.72,144.73,1.69,0.73,3.47,7.5,6.22,1.31,0.17,117.21,2.96,4.97,0.45,0.26,0.0,2.69,2.71,5.57
1099,50,47,118,181,181,41,10.0,30.26,222.85,1.27,0.88,5.82,7.5,6.45,0.9,0.06,159.86,2.95,17.06,0.03,0.26,0.0,2.94,2.77,6.67
1191,73,49,78,179,179,29,5.0,8.79,117.17,1.59,0.79,1.61,7.5,4.72,2.19,0.15,50.91,2.7,4.18,0.0,0.26,0.0,2.84,2.89,2.31
1206,74,15,50,108,108,8,5.0,39.86,279.73,2.17,0.6,4.52,3.69,3.25,0.03,0.51,85.74,3.62,24.0,11.43,0.04,0.04,2.62,1.83,1.19
1237,79,33,50,109,109,19,10.0,15.63,155.5,1.92,0.57,2.85,4.94,3.06,1.74,0.18,97.86,3.01,11.43,5.19,0.28,0.12,1.5,1.97,5.03
1265,28,7,10,59,59,13,10.0,8.5,120.94,1.22,0.75,2.0,2.86,1.69,0.0,0.18,30.8,2.01,0.76,0.83,0.0,0.0,1.28,1.46,6.18
1428,66,27,36,184,184,90,10.0,28.61,240.06,1.53,0.73,2.25,7.5,5.93,0.06,0.27,153.16,2.38,8.61,3.28,0.0,0.0,2.69,2.91,5.51
1439,7,0,3,55,55,15,0.0,36.22,276.75,0.78,0.67,3.38,0.0,0.0,-1.0,0.0,28.89,1.87,15.62,-1.0,0.0,0.0,4.56,0.66,2.67
1590,0.0,0,0,1,1,8,0.0,0.0,0.0,0.0,0.0,0.0,0.0,0.0,-1.0,1.0,0.15,0.0,-1.0,-1.0,0.0,0.0,0.0,0.06,0.0
1892,79,34,54,193,193,35,10.0,31.24,252.88,1.56,0.81,4.0,7.5,5.03,2.19,0.16,234.64,2.04,7.67,3.56,0.26,0.0,3.44,2.83,5.51
1894,179,51,129,197,197,86,10.0,65.52,480.09,3.12,0.58,10.88,7.5,6.75,0.06,0.25,311.38,2.64,48.15,12.5,0.0,0.0,3.59,2.89,5.77
1897,78,57,58,166,166,34,10.0,8.62,126.88,1.71,0.75,1.29,7.5,6.45,0.38,0.13,79.33,4.41,2.03,1.06,0.26,0.0,3.0,2.94,10.0
1898,46,30,28,85,85,10,0.0,13.9,136.19,1.62,0.63,2.62,3.75,2.85,0.0,0.2,92.9,1.46,4.24,1.25,0.27,0.0,2.0,1.77,0.0
1907,59,13,17,181,181,76,10.0,37.56,309.88,1.4,0.76,4.55,7.14,7.14,1.14,0.14,191.65,2.21,10.72,1.25,0.0,0.0,3.53,2.86,6.28
1925,73,61,46,140,140,78,10.0,18.11,178.93,1.5,0.89,1.0,5.0,3.35,68.07,0.49,71.99,2.88,10.07,3.57,0.11,0.0,2.79,2.43,6.79
1939,82,25,59,183,183,59,10.0,37.67,284.56,1.84,0.74,9.38,7.5,6.22,0.01,0.35,301.42,2.63,33.7,1.47,0.12,0.0,2.97,2.94,5.13
1986,0.0,0,0,0,0,20,0.0,0.0,0.0,0.0,0.0,0.0,0.0,0.0,-1.0,1.0,0.0,0.0,-1.0,-1.0,0.0,0.0,0.0,0.0,0.0
2008,66,27,100,195,195,39,10.0,15.82,207.62,1.34,0.87,2.94,7.5,6.6,0.58,0.21,129.2,2.64,11.0,4.7,0.0,0.0,3.5,2.94,1.55
2010,72,25,97,194,194,10,10.0,34.97,302.59,1.79,0.78,4.7,7.5,7.5,0.14,0.19,232.59,2.56,16.64,5.41,0.0,0.03,3.26,2.97,6.08
2020,67,39,77,169,169,77,10.0,17.68,165.44,1.59,0.83,1.94,7.5,6.3,0.01,0.24,98.76,2.49,1.81,2.82,0.26,0.0,3.09,2.94,7.22
2101,63,0,6,38,38,21,0.0,30.21,194.15,3.23,0.53,7.08,0.0,0.0,0.48,0.21,72.85,2.33,14.23,8.77,0.0,0.0,0.86,1.14,0.0
2135,49,10,11,59,58,16,0.0,31.53,156.73,2.47,0.61,0.27,2.71,1.82,1.81,0.31,89.51,2.13,3.13,9.07,0.0,0.0,2.06,1.29,0.0
2136,75,51,64,163,163,24,10.0,29.67,293.66,1.76,0.74,4.97,7.5,5.85,1.42,0.27,173.46,2.84,26.55,2.97,0.26,0.0,2.91,3.0,5.0
2137,86,3,51,163,163,25,10.0,36.21,342.3,1.79,0.72,4.09,7.5,6.22,0.15,0.21,193.3,3.54,11.34,0.76,0.0,0.0,2.86,3.0,7.94
2138,55,39,38,116,116,16,0.0,18.5,225.96,1.31,0.83,4.41,5.0,3.4,0.01,0.22,165.06,2.37,16.85,1.85,0.32,0.0,2.54,2.26,0.0
2139,38,44,51,120,120,16,0.0,11.62,133.12,1.04,0.94,2.3,5.0,3.6,0.01,0.21,119.6,2.13,14.41,1.85,0.32,0.0,2.39,2.14,0.0
2140,66,42,49,168,168,22,10.0,38.42,317.81,1.48,0.87,5.65,7.5,5.93,0.21,0.24,203.76,2.1,21.32,0.03,0.26,0.0,2.64,3.0,0.67
2141,30,35,33,123,123,20,10.0,21.08,189.72,0.96,0.73,1.84,5.0,2.5,0.51,0.07,125.9,2.29,1.7,0.62,0.0,0.0,2.96,2.11,5.04
2142,48,44,33,173,173,31,10.0,24.61,220.64,1.13,0.94,3.09,7.5,4.5,0.14,0.06,175.1,2.58,2.7,0.0,0.26,0.0,2.94,2.91,6.26
2143,48,21,30,78,78,24,10.0,21.67,215.81,1.4,0.72,3.85,3.27,2.78,0.0,0.27,60.18,4.58,15.67,0.79,0.0,0.0,1.76,1.71,4.23
2144,60,41,12,175,175,22,10.0,24.55,278.36,1.31,0.9,5.21,7.5,6.0,0.95,0.07,178.57,2.96,16.79,0.0,0.26,0.0,2.76,2.83,10.0
2145,42,67,55,129,129,24,10.0,16.03,203.0,1.17,0.92,1.83,5.36,3.11,0.0,0.24,121.87,3.92,5.07,2.07,0.31,0.0,2.28,2.37,10.0
2146,111,39,57,153,153,25,10.0,24.32,268.41,2.1,0.53,6.53,5.36,3.91,0.02,0.38,203.74,3.16,28.7,6.06,0.24,0.0,2.62,2.57,1.7
2147,38,0,6,35,35,13,0.0,10.58,102.75,2.71,0.6,4.31,2.5,1.5,0.04,0.13,54.0,2.55,9.62,0.0,0.0,0.0,0.69,1.2,0.0
2148,60,7,10,50,50,15,0.0,46.19,235.44,2.56,0.56,4.0,2.5,1.38,0.31,0.48,63.55,2.72,19.56,4.33,0.06,0.06,0.73,1.29,0.0
2149,79,52,45,117,117,18,0.0,9.67,83.69,2.22,0.66,1.24,5.0,2.1,0.0,0.38,61.49,2.66,5.92,13.7,0.24,0.0,1.96,2.23,0.22
2150,19,7,11,53,53,14,0.0,11.25,117.94,1.12,0.87,2.4,2.71,1.87,-1.0,0.0,42.57,2.7,5.25,-1.0,0.0,0.0,1.31,1.26,0.0
2151,19,0,6,35,35,4,0.0,10.23,100.08,1.0,1.0,2.15,2.5,1.0,0.02,0.11,40.02,1.93,0.62,-1.0,0.0,0.0,0.69,1.2,0.06
2152,50,10,19,114,114,23,10.0,35.15,218.41,1.26,0.79,3.31,4.79,2.59,0.04,0.38,133.83,2.28,25.19,4.93,0.0,0.0,2.28,2.31,9.76
2153,51,0,1,17,17,7,0.0,15.75,118.25,3.0,0.34,4.88,1.25,1.25,0.13,0.25,41.58,2.32,22.25,4.5,0.0,0.0,0.12,0.69,0.03
2154,55,35,40,89,89,28,5.0,48.86,285.0,1.76,0.63,5.14,3.75,2.51,0.04,0.22,87.36,2.5,18.41,2.27,0.26,0.0,1.96,1.86,3.51
2155,72,40,62,125,125,29,10.0,79.68,620.13,1.63,0.64,14.07,4.94,4.54,0.1,0.29,343.21,3.1,88.57,1.38,0.25,0.0,2.53,2.46,3.43
2156,53,62,136,163,163,29,10.0,36.87,365.26,1.41,0.87,5.22,6.43,4.44,0.01,0.09,218.99,2.82,7.83,0.0,0.27,0.0,2.81,2.8,5.85
2157,78,32,29,81,81,11,0.0,16.18,186.27,2.68,0.51,5.86,4.11,2.75,0.94,0.27,90.85,2.41,20.24,3.5,0.22,0.0,1.78,1.86,0.0
2158,50,47,72,174,174,30,10.0,36.91,328.35,1.19,0.85,3.74,7.5,5.32,0.95,0.08,179.38,2.98,7.31,0.38,0.26,0.0,2.79,2.89,5.87
2159,43,96,86,186,186,27,10.0,29.34,328.21,1.12,0.95,2.61,7.14,4.43,1.06,0.12,262.46,2.37,4.27,0.0,0.26,0.0,3.42,2.86,8.33
2160,40,21,24,83,83,19,0.0,49.7,345.0,1.45,0.52,5.7,2.56,1.92,0.0,0.35,87.77,2.86,28.2,6.25,0.0,0.0,1.95,1.54,0.0
2161,43,7,9,44,44,14,0.0,15.87,135.4,1.8,0.6,4.47,2.5,2.03,-1.0,0.19,71.94,1.66,9.5,1.67,0.0,0.0,0.8,1.2,0.0
2162,133,24,17,170,170,34,10.0,56.3,375.42,3.21,0.61,5.29,7.5,7.05,0.14,0.51,205.89,3.38,34.45,31.74,0.0,0.0,3.06,2.77,5.07
2207,41,13,4,63,63,15,0.0,60.33,324.78,0.59,0.28,2.89,1.1,1.1,0.16,0.22,131.88,1.86,21.06,4.06,0.0,0.0,0.94,1.23,0.0
2348,191,18,16,111,111,10,5.0,26.96,130.17,2.54,0.66,0.57,5.21,2.81,1.05,0.41,87.26,2.45,15.92,11.36,0.0,0.0,2.32,2.0,2.77
2349,13,7,5,28,28,9,0.0,6.27,52.0,0.82,0.75,1.0,1.64,0.82,-1.0,0.31,24.25,3.76,0.0,0.0,0.0,0.0,0.64,0.94,0.0
2350,15,0,7,41,41,12,0.0,3.15,57.92,1.0,1.0,1.23,2.5,1.77,-1.0,0.0,16.39,3.06,-1.0,-1.0,0.0,0.0,1.14,1.17,0.06
2351,32,7,10,54,54,34,0.0,21.29,171.07,1.57,0.82,2.15,2.71,2.25,0.19,0.06,78.66,1.82,0.57,-1.0,0.0,0.07,1.87,1.26,5.14
2352,122,36,36,98,98,18,0.0,76.17,392.26,2.04,0.59,2.58,4.38,2.19,0.05,0.61,206.44,2.12,25.78,11.39,0.32,0.0,1.92,1.97,0.0
2354,41,0,5,44,44,7,0.0,37.46,383.77,2.33,0.66,3.73,2.14,1.67,0.0,0.27,55.53,2.68,4.17,-1.0,0.0,0.0,1.62,1.0,0.05
2480,48,33,89,193,193,18,10.0,16.12,223.09,1.26,0.92,2.67,7.5,7.12,0.13,0.1,158.38,3.35,3.09,0.0,0.2,0.06,2.88,2.83,3.77
2481,51,39,23,168,168,25,10.0,56.58,350.0,1.21,0.94,7.24,7.5,4.35,1.02,0.22,239.73,2.42,25.42,2.21,0.26,0.0,2.64,2.77,0.9
2576,30,30,25,110,110,4,0.0,15.38,103.08,1.0,1.0,2.39,5.0,2.8,0.46,0.03,66.85,3.79,7.12,0.0,0.23,0.0,2.46,2.23,0.0
2602,37,36,21,156,156,17,10.0,21.79,203.06,1.06,0.96,2.61,6.58,4.87,0.01,0.05,143.63,2.22,2.88,-1.0,0.23,0.0,2.8,2.86,6.18
1228,66,37,41,154,154,54,5.0,14.94,82.58,1.3,0.84,1.33,7.5,4.5,0.0,0.27,89.35,2.26,5.26,1.74,0.0,0.0,2.57,2.8,5.84
1448,77,108,85,185,185,112,10.0,44.35,411.79,1.65,0.74,4.59,7.5,6.22,0.06,0.17,455.72,1.68,8.03,0.97,0.27,0.0,3.35,2.8,0.95
1555,124,35,56,145,145,87,5.0,41.52,306.64,2.44,0.63,4.73,6.43,6.04,0.2,0.31,279.03,2.69,8.67,2.88,0.26,0.0,2.57,2.77,1.49
1708,25,11,23,55,55,13,0.0,35.89,276.11,0.89,0.74,5.47,2.92,1.05,0.0,0.16,103.6,2.26,12.42,-1.0,0.0,0.0,1.16,1.51,0.0
1909,56,24,37,163,163,45,10.0,22.48,218.44,1.18,0.95,1.69,7.5,5.78,0.07,0.29,110.17,2.62,0.71,0.0,0.0,0.0,2.58,2.94,6.14
1912,70,18,23,164,164,44,0.0,23.55,214.06,1.5,0.77,2.45,7.5,6.22,0.37,0.3,134.31,3.1,13.03,5.0,0.0,0.0,2.94,2.86,0.35
1925,29,16,11,89,89,170,0.0,1.58,32.89,1.15,0.97,0.15,0.0,0.0,95.46,0.21,16.8,3.0,0.0,0.05,0.25,0.0,2.1,1.8,0.0
2119,0.0,0,7,6,6,30,0.0,0.0,0.0,0.0,0.0,0.0,0.0,0.0,-1.0,1.0,0.0,0.0,-1.0,-1.0,0.0,0.0,0.0,0.06,0.0
2163,37,27,34,121,120,13,0.0,38.36,241.38,1.17,0.83,2.0,5.0,4.15,2.74,0.11,169.68,3.18,4.08,0.0,0.0,0.0,2.59,2.17,0.09
2164,65,56,55,181,181,96,5.0,34.72,287.59,1.24,0.94,8.03,7.5,6.15,0.28,0.12,446.14,1.94,21.42,2.56,0.26,0.03,2.73,2.94,1.4
2165,39,48,65,175,175,55,10.0,16.91,199.79,1.0,1.0,2.88,7.5,5.03,1.07,0.05,141.33,2.66,3.64,0.0,0.26,0.0,2.85,2.97,8.53
2166,105,34,24,162,162,64,5.0,36.91,316.21,1.78,0.71,4.79,7.5,5.62,0.12,0.14,146.63,3.25,12.03,2.0,0.23,0.0,2.52,2.89,7.8
2167,160,44,54,165,165,61,5.0,48.27,330.97,3.68,0.54,7.25,7.5,4.2,0.09,0.41,191.86,2.48,38.97,15.32,0.26,0.0,2.91,2.8,7.43
2169,51,33,30,88,88,54,5.0,17.7,196.39,1.43,0.8,3.17,4.17,1.79,0.0,0.33,97.73,2.71,19.32,2.38,0.29,0.0,2.17,2.0,7.87
2170,82,39,42,157,157,20,0.0,13.4,167.65,1.71,0.73,2.34,7.5,5.03,1.86,0.33,112.79,3.12,12.47,14.66,0.27,0.03,2.69,2.69,1.02
2171,97,31,38,99,99,31,0.0,42.23,203.95,2.67,0.43,4.76,2.89,2.11,0.07,0.81,117.64,1.91,58.48,46.81,0.26,0.05,2.18,1.71,0.0
2172,59,39,52,164,164,94,0.0,18.76,230.18,1.27,0.85,2.55,7.14,7.14,0.12,0.22,218.45,1.53,10.36,1.67,0.26,0.0,2.71,2.89,5.12
2173,8,0,2,15,15,19,0.0,11.38,92.62,1.0,0.75,1.43,1.07,0.18,0.0,0.12,22.85,2.29,1.86,-1.0,0.0,0.0,0.57,0.6,0.0
2174,69,34,67,155,155,76,10.0,34.0,269.36,1.65,0.8,4.15,7.5,7.5,1.2,0.12,217.21,2.25,19.24,1.21,0.24,0.0,2.69,2.97,6.88
2175,43,40,31,120,120,51,0.0,21.71,189.89,1.14,0.75,3.17,5.3,3.44,0.1,0.07,136.95,2.07,5.96,0.0,0.27,0.0,2.3,2.4,0.56
2176,143,25,70,158,158,54,10.0,24.29,257.75,2.88,0.68,1.61,7.5,5.03,0.23,0.32,158.11,4.0,8.88,9.84,0.2,0.0,2.74,2.69,9.12
2177,65,20,28,156,156,70,10.0,33.45,214.88,1.34,0.79,3.09,7.5,4.88,0.1,0.26,170.03,2.66,8.0,1.97,0.0,0.0,2.71,2.8,7.55
2178,6,0,0,6,6,2,0.0,6.5,91.5,3.0,0.6,5.5,0.36,0.18,0.02,0.0,4.99,2.75,-1.0,-1.0,0.0,0.0,0.0,0.17,0.01
2179,166,41,65,155,155,161,10.0,49.56,388.09,3.79,0.54,7.38,7.5,3.75,0.37,0.4,224.79,3.16,41.71,17.09,0.23,0.0,2.63,2.94,8.21
2180,59,13,13,50,50,20,0.0,15.06,145.5,1.88,0.56,2.39,2.35,0.63,0.02,0.41,92.35,2.54,11.06,8.0,0.0,0.0,1.0,1.43,0.0
2181,81,13,58,168,168,73,10.0,44.38,389.91,1.66,0.76,4.91,7.5,6.08,0.0,0.26,226.72,2.69,17.5,3.53,0.0,0.03,2.74,2.97,9.39
2182,48,15,29,63,63,25,0.0,44.53,270.59,1.94,0.61,5.38,3.27,2.32,0.0,0.21,68.58,2.18,14.81,0.0,0.0,0.0,1.0,1.51,0.0
2183,60,18,19,58,58,8,0.0,27.59,254.67,2.56,0.52,9.33,2.92,1.99,-1.0,0.3,105.81,4.24,29.33,8.61,0.0,0.06,1.06,1.43,0.0
2184,112,44,72,155,155,52,0.0,44.75,326.65,2.45,0.68,8.97,7.5,5.55,1.0,0.21,297.1,1.88,43.45,5.52,0.26,0.0,2.79,2.86,0.0
2185,127,54,37,159,159,59,5.0,61.55,486.77,3.39,0.52,9.97,6.79,4.69,0.02,0.39,269.34,2.29,56.48,10.53,0.27,0.0,2.79,2.83,9.24
2186,12,0,6,32,32,42,0.0,5.91,74.58,1.0,0.95,0.33,1.96,0.82,0.0,0.08,21.91,2.66,-1.0,0.0,0.0,0.0,0.75,0.89,8.61
2187,40,44,92,173,173,60,10.0,6.0,143.18,1.06,1.0,2.12,7.5,7.5,0.33,0.0,88.81,3.28,0.59,-1.0,0.26,0.0,3.11,2.69,10.0
2208,117,56,86,178,178,237,10.0,51.5,384.03,2.71,0.66,9.12,7.5,7.05,0.01,0.34,273.3,2.97,42.47,0.7,0.24,0.0,3.26,3.0,9.25
2355,37,42,62,157,157,26,0.0,6.85,55.19,0.94,1.0,0.34,7.5,1.65,5.24,0.05,67.98,1.45,0.64,0.0,0.23,0.0,2.74,2.74,0.22
2357,97,45,62,177,177,15,0.0,18.48,215.68,2.55,0.63,2.42,7.5,5.85,0.04,0.31,139.33,3.22,12.13,11.55,0.27,0.0,3.06,2.8,0.42
2358,121,26,24,68,68,32,0.0,162.81,812.29,3.75,0.45,10.62,3.54,2.09,0.0,0.34,315.44,2.28,82.76,17.4,0.0,0.0,1.33,1.77,0.0
2359,44,41,67,158,158,24,0.0,4.52,57.44,1.06,0.95,0.59,7.5,1.05,0.2,0.11,57.49,2.15,0.0,0.45,0.24,0.0,2.76,2.29,0.48
2360,29,18,32,87,87,21,5.0,35.67,293.38,1.1,0.85,3.6,3.69,2.77,0.59,0.24,96.72,2.57,17.0,0.0,0.0,0.05,1.81,1.83,0.0
2361,43,48,17,184,184,88,10.0,14.82,216.35,1.0,1.0,2.12,7.5,5.62,1.06,0.12,234.43,1.59,2.79,0.45,0.29,0.0,3.18,2.83,7.62
2362,56,33,43,131,131,34,0.0,15.69,129.24,1.39,0.8,2.64,6.43,3.73,0.01,0.2,128.07,1.58,12.93,3.0,0.0,0.03,2.39,2.54,0.0
2363,45,43,28,115,115,21,0.0,24.7,204.22,1.39,0.7,7.12,4.52,1.72,0.72,0.24,104.29,2.71,12.05,2.08,0.28,0.0,2.48,2.09,0.26
2365,16,7,5,28,28,7,0.0,24.0,145.8,0.57,0.52,1.13,1.61,0.92,0.0,0.44,66.6,1.46,0.0,0.0,0.0,0.07,1.53,1.06,0.03
2490,16,3,9,41,41,19,0.0,6.24,84.06,0.76,0.74,2.75,2.5,2.5,27.21,0.0,27.78,2.83,4.88,-1.0,0.0,0.0,0.47,1.4,0.0
2492,2,3,4,13,13,4,0.0,98.33,461.0,0.67,0.67,4.0,0.57,0.57,-1.0,0.0,17.53,2.12,31.33,-1.0,0.33,1.0,2.33,0.23,0.0
2495,82,41,62,169,169,58,10.0,25.41,368.32,1.31,0.86,7.15,7.5,5.7,0.01,0.33,228.83,2.0,29.0,4.06,0.23,0.06,2.65,2.91,2.35
2496,34,40,49,105,105,21,0.0,44.05,400.2,1.2,0.71,3.75,3.51,2.91,0.0,0.41,144.06,2.33,16.8,5.1,0.38,0.05,2.75,1.66,0.13
2497,72,37,93,162,162,16,0.0,59.15,334.34,1.62,0.74,8.09,7.5,7.5,0.17,0.08,244.03,1.96,41.75,1.52,0.0,0.03,3.0,2.83,0.0
2549,63,54,90,155,155,21,0.0,27.59,259.34,1.48,0.68,3.38,6.43,4.82,0.0,0.17,180.81,2.34,15.61,0.33,0.29,0.03,2.71,2.77,0.0
2550,56,12,24,102,102,36,0.0,70.0,410.67,1.78,0.67,4.92,5.62,5.4,0.0,0.36,189.71,2.48,30.54,5.48,0.0,0.09,2.21,2.06,0.0
2551,0.0,0,0,0,0,5,0.0,0.0,0.0,0.0,0.0,0.0,0.0,0.0,-1.0,1.0,6.85,2.67,-1.0,-1.0,0.0,0.0,0.0,0.03,0.0
2597,85,47,106,152,152,49,10.0,38.73,251.0,2.37,0.72,1.07,5.0,4.4,0.01,0.22,190.27,1.83,2.0,3.12,0.29,0.0,2.96,2.37,1.83
2643,35,38,52,147,147,12,0.0,0.84,17.75,1.0,1.0,0.38,7.5,0.53,2.94,0.0,24.51,1.94,0.0,-1.0,0.24,0.0,2.7,2.69,0.0
1085,7,6,8,23,23,10,0.0,14.75,185.25,1.75,0.44,2.75,0.62,0.46,-1.0,0.29,9.16,4.82,9.75,16.25,0.5,0.0,3.75,0.31,0.02
1197,106,44,32,121,121,23,10.0,35.86,213.79,2.11,0.66,2.5,5.0,2.8,2.17,0.29,89.4,4.13,21.45,14.45,0.3,0.0,2.1,2.49,3.77
1235,92,46,46,119,119,60,10.0,13.71,120.0,1.74,0.73,0.3,5.36,2.41,14.09,0.22,86.31,3.04,1.74,9.39,0.28,0.07,2.1,2.14,7.95
1239,75,39,37,123,123,39,10.0,10.61,145.52,2.17,0.7,3.59,5.71,1.2,0.0,0.23,99.28,3.58,9.31,1.46,0.29,0.0,2.32,2.31,7.44
1244,52,26,46,123,123,45,10.0,13.64,105.89,1.21,0.94,1.28,5.36,4.29,18.78,0.38,76.16,3.04,9.0,3.76,0.0,0.07,2.2,2.14,8.72
1249,19,21,26,53,53,15,0.0,16.38,148.81,0.81,0.42,4.4,1.61,0.16,0.05,0.16,74.84,2.59,18.67,-1.0,0.0,0.0,0.87,1.2,0.0
1442,33,44,61,110,110,29,5.0,25.4,204.13,1.53,0.81,4.53,2.86,0.94,1.2,0.21,45.06,3.46,8.53,0.0,0.56,0.07,3.6,1.17,5.0
1456,53,34,37,184,184,34,10.0,31.56,300.53,1.29,0.95,4.59,7.5,3.75,0.5,0.13,183.69,2.2,6.62,0.0,0.26,0.06,2.97,2.71,2.29
1566,55,40,64,117,117,61,0.0,26.04,288.11,1.35,0.93,4.19,5.36,3.22,1.57,0.05,153.81,2.99,21.33,0.0,0.32,0.0,2.11,2.34,5.2
1570,0.0,0,0,0,0,6,0.0,0.0,0.0,0.0,0.0,0.0,0.0,0.0,-1.0,1.0,0.0,0.0,-1.0,-1.0,0.0,0.0,0.0,0.0,0.0
1571,49,77,50,95,95,43,5.0,41.75,431.92,1.26,0.7,7.12,4.38,3.02,0.0,0.1,148.7,3.49,27.24,0.88,0.27,0.0,1.88,2.03,1.25
1683,63,64,46,128,128,46,5.0,23.58,254.4,1.56,0.69,3.2,4.38,3.64,1.54,0.11,119.42,2.84,5.6,0.96,0.33,0.08,2.89,2.2,1.6
1688,2,10,4,10,10,9,0.0,42.0,337.0,0.0,0.5,0.0,0.21,0.21,-1.0,0.5,12.47,2.51,-1.0,-1.0,0.0,3.0,2.0,0.14,0.0
1900,16,16,27,66,66,16,0.0,39.29,192.47,0.76,0.74,3.41,2.5,2.07,24.1,0.0,122.88,1.37,19.29,-1.0,0.22,0.06,1.65,1.43,0.0
1902,77,32,50,178,178,97,10.0,13.27,210.21,1.76,0.69,4.26,7.14,3.57,1.42,0.23,159.95,3.11,6.7,4.85,0.0,0.0,3.0,2.8,10.0
1907,8,16,12,31,31,124,0.0,0.2,13.4,1.0,0.65,0.0,0.0,0.0,-1.0,0.5,0.99,0.0,0.0,0.0,0.4,0.0,4.4,0.31,0.0
1925,17,0,6,49,49,140,0.0,5.57,65.64,1.21,0.89,0.21,0.0,0.0,2.47,0.0,9.2,2.53,-1.0,0.0,0.0,0.0,1.64,1.2,0.0
1929,85,40,24,119,119,86,10.0,29.67,253.93,2.19,0.67,1.85,5.0,3.6,0.0,0.28,129.16,2.9,11.07,10.58,0.32,0.0,2.26,2.37,5.38
1931,39,37,24,111,111,100,0.0,7.39,147.71,1.4,0.84,3.0,5.0,3.65,0.28,0.23,107.63,2.88,7.39,3.5,0.35,0.0,2.5,2.17,5.38
1961,50,44,46,164,164,65,10.0,25.47,282.6,1.35,0.83,4.97,7.14,4.14,1.62,0.06,202.39,2.19,9.09,0.0,0.26,0.0,2.65,2.91,6.37
1964,55,40,43,169,169,54,10.0,30.42,272.06,1.32,0.86,4.42,7.14,6.57,0.43,0.15,132.15,2.61,6.97,0.45,0.26,0.0,2.75,2.89,6.72
1983,126,30,25,173,173,75,10.0,34.97,250.66,1.97,0.76,4.15,7.5,6.22,0.1,0.61,163.83,3.21,15.97,11.5,0.0,0.0,3.06,2.94,10.0
2030,15,0,0,25,25,18,0.0,11.75,86.5,1.67,0.61,2.5,1.43,1.12,-1.0,0.2,30.61,1.56,1.0,-1.0,0.0,0.0,1.33,0.69,0.0
2049,58,36,21,103,103,30,10.0,29.4,271.32,1.72,0.69,2.12,3.96,2.69,0.01,0.4,133.94,2.23,9.0,8.52,0.31,0.0,2.23,2.14,2.0
2186,38,45,36,134,134,37,10.0,2.24,67.31,1.19,0.91,0.12,5.0,1.75,1.1,0.13,37.5,3.1,0.0,0.93,0.32,0.0,2.96,2.09,8.61
2188,58,39,42,160,160,82,10.0,27.06,245.97,1.38,0.81,3.82,7.5,5.55,0.04,0.16,169.67,2.37,8.61,0.03,0.26,0.0,2.47,2.94,10.0
2190,94,42,33,104,104,44,0.0,10.44,74.48,1.23,0.83,0.48,5.0,0.9,0.15,0.21,50.81,2.14,2.7,2.22,0.3,0.0,1.96,2.06,9.16
2191,17,29,41,72,72,9,0.0,40.38,215.62,0.71,0.66,4.71,2.98,1.79,0.26,0.06,143.42,1.81,22.95,-1.0,0.0,0.0,1.25,1.63,0.0
2193,67,36,34,140,140,136,10.0,36.48,380.37,1.77,0.69,6.93,6.07,2.61,0.09,0.19,253.64,2.65,25.57,0.0,0.25,0.0,2.56,2.71,10.0
2194,77,39,19,114,114,55,10.0,25.8,189.77,2.23,0.61,3.32,5.0,2.85,0.1,0.21,137.35,1.89,9.54,5.12,0.32,0.0,2.32,2.37,9.74
2195,97,39,28,137,137,63,0.0,58.13,337.58,2.16,0.59,9.31,5.36,2.52,0.01,0.44,203.92,3.0,61.06,7.66,0.27,0.03,2.45,2.57,3.3
2200,62,39,28,173,173,60,10.0,22.53,224.76,1.48,0.74,4.65,6.79,3.4,0.16,0.18,232.95,2.21,14.18,0.76,0.26,0.0,3.06,2.91,10.0
2201,102,25,23,125,125,69,10.0,37.66,314.62,2.03,0.65,6.62,5.36,3.97,0.03,0.3,217.74,2.48,32.55,11.03,0.0,0.0,2.17,2.51,7.56
2205,3,0,0,6,6,16,0.0,24.5,135.5,1.5,0.17,5.0,0.18,0.18,-1.0,0.0,4.85,5.42,6.5,-1.0,0.0,0.0,0.0,0.14,0.51
2206,44,39,25,135,135,57,10.0,33.62,233.1,1.04,0.86,3.18,5.0,2.65,0.02,0.09,190.79,1.74,5.11,0.0,0.3,0.0,2.28,2.49,7.18
2341,58,35,26,95,95,41,0.0,13.68,192.0,1.91,0.69,2.43,0.0,0.0,0.01,0.26,125.34,2.55,12.82,6.64,0.38,0.0,2.0,1.77,0.0
2370,33,29,26,65,65,39,0.0,64.86,347.76,1.32,0.7,4.95,3.54,2.66,0.0,0.18,215.28,2.0,20.57,1.14,0.0,0.0,0.81,1.83,0.06
2372,113,47,33,170,170,39,5.0,49.12,342.15,1.87,0.83,6.21,6.79,5.23,0.0,0.23,303.96,3.03,18.97,0.5,0.24,0.0,2.97,2.8,0.92
2373,72,40,37,153,153,66,10.0,95.27,532.29,1.87,0.67,4.97,5.36,4.93,0.0,0.36,313.2,2.06,22.63,2.8,0.29,0.0,3.0,2.66,5.51
2374,0.0,0,0,12,12,6,0.0,33.5,112.43,0.0,0.0,2.29,0.0,0.0,-1.0,1.0,19.1,2.08,8.57,-1.0,0.0,0.0,0.0,0.43,0.0
2375,232,39,67,141,141,77,10.0,23.81,294.58,5.33,0.44,0.21,5.36,4.13,0.01,0.61,155.21,2.18,28.43,63.63,0.28,0.0,2.52,2.66,6.79
2377,0.0,0,3,8,8,4,0.0,30.0,243.5,0.0,0.0,0.0,0.0,0.0,-1.0,1.0,8.11,5.31,-1.0,-1.0,0.5,0.0,2.0,0.11,0.0
2378,82,41,45,126,126,62,5.0,21.38,193.08,1.54,0.88,2.38,4.82,4.82,0.27,0.38,123.15,2.36,10.54,4.23,0.29,0.0,2.48,2.34,6.79
2508,173,17,25,112,112,60,10.0,111.62,504.35,4.19,0.48,3.96,5.0,3.95,0.01,0.59,263.74,2.67,53.04,41.46,0.0,0.0,2.07,2.2,5.77
2555,60,39,23,131,131,47,10.0,31.56,224.23,1.77,0.71,5.08,5.0,4.0,0.36,0.23,124.33,2.48,11.17,4.26,0.32,0.0,2.79,2.4,3.9
2582,2,21,11,21,21,6,0.0,64.75,378.25,0.5,0.5,3.25,0.42,0.28,0.48,0.0,45.07,2.06,19.5,-1.0,0.75,0.25,4.0,0.29,0.0
2610,33,58,40,158,158,2,0.0,0.76,10.45,0.0,0.0,0.0,7.5,0.0,18.1,0.0,3.53,0.0,-1.0,-1.0,0.24,0.0,2.42,2.57,0.18
2618,3,0,0,9,9,24,0.0,2.33,69.67,0.0,0.0,0.0,0.54,0.36,-1.0,0.0,2.75,4.69,-1.0,-1.0,0.0,0.0,0.67,0.2,0.22
2630,14,0,6,29,29,10,0.0,0.0,7.46,0.0,0.0,0.0,2.5,0.0,98.14,0.0,1.04,0.0,-1.0,-1.0,0.0,0.0,0.23,1.0,0.12
1085,0.0,0,0,3,3,10,0.0,0.0,0.0,0.0,0.0,0.0,0.0,0.0,-1.0,1.0,0.66,2.11,-1.0,-1.0,0.0,0.0,0.0,0.06,0.0
1297,71,47,35,165,165,29,10.0,28.12,203.84,1.55,0.84,2.97,7.5,5.17,0.46,0.34,183.9,2.69,7.58,6.45,0.26,0.0,2.66,2.8,0.0
1330,35,33,18,102,102,19,0.0,5.0,105.16,1.13,0.93,1.84,5.0,2.25,1.69,0.17,60.26,2.72,4.72,0.62,0.35,0.0,2.0,1.86,0.0
1992,0.0,0,0,0,0,34,0.0,0.0,0.0,0.0,0.0,0.0,0.0,0.0,-1.0,1.0,0.0,0.0,-1.0,-1.0,0.0,0.0,0.0,0.0,0.0
2351,52,45,55,172,172,53,10.0,21.52,266.65,1.32,0.81,2.19,6.43,5.66,0.1,0.19,155.84,2.32,5.13,2.1,0.27,0.0,3.06,2.71,5.14
2380,122,36,31,172,172,49,10.0,30.12,271.0,2.55,0.64,4.97,7.5,5.17,0.15,0.22,161.14,3.44,19.42,10.91,0.2,0.0,2.58,2.94,0.0
2382,50,39,39,160,160,28,10.0,22.48,232.76,1.35,0.85,4.72,7.5,4.05,0.13,0.04,152.02,2.49,13.16,0.0,0.26,0.06,2.53,2.97,5.39
2383,50,9,42,165,165,48,0.0,55.97,375.31,1.09,0.95,5.53,7.5,6.9,0.05,0.16,345.06,2.38,17.55,0.0,0.0,0.0,2.12,2.8,5.7
2384,39,96,124,182,182,30,10.0,29.94,275.34,1.0,1.0,1.97,7.5,6.22,0.84,0.03,140.46,3.36,0.64,-1.0,0.26,0.0,2.94,2.74,7.08
2385,81,28,24,167,167,21,10.0,23.06,248.61,1.48,0.9,4.67,7.5,4.8,0.64,0.47,156.02,2.52,8.38,4.21,0.23,0.0,2.61,2.69,0.0
2386,41,40,82,169,169,41,10.0,19.56,250.18,1.12,1.0,4.09,7.5,6.67,0.61,0.07,184.26,2.71,9.0,0.0,0.23,0.0,2.7,3.0,0.0
2387,57,118,120,166,166,53,10.0,58.18,428.97,1.28,0.81,3.52,7.14,5.28,0.0,0.12,238.4,3.07,8.03,1.55,0.26,0.06,2.7,2.83,8.49
2388,87,35,92,144,144,51,10.0,50.0,361.42,2.06,0.76,8.53,7.5,3.75,0.29,0.24,202.46,3.87,60.71,3.76,0.2,0.0,2.43,2.94,10.0
2389,75,42,72,156,156,69,10.0,49.35,365.09,1.85,0.74,5.52,7.5,5.17,0.1,0.31,216.54,3.89,20.47,1.47,0.24,0.03,2.43,2.91,0.0
2390,37,27,39,154,154,48,10.0,9.42,159.38,1.0,1.0,1.67,7.5,4.72,0.76,0.0,94.23,3.78,0.0,0.0,0.0,0.0,2.23,2.66,10.0
2391,203,19,93,164,164,86,10.0,138.0,712.36,3.72,0.61,11.66,7.5,4.8,0.06,0.38,364.29,2.76,75.09,20.0,0.0,0.0,2.52,2.97,9.31
2392,167,55,59,136,136,41,10.0,59.94,434.33,3.4,0.64,9.0,5.71,3.43,0.44,0.26,364.96,2.22,34.03,4.84,0.25,0.0,2.39,2.6,8.28
2393,129,47,64,153,153,32,10.0,16.61,194.64,2.22,0.71,2.21,7.5,5.03,0.45,0.42,112.16,4.04,17.06,18.94,0.0,0.0,2.26,2.97,9.96
2394,63,39,39,183,183,30,10.0,25.53,299.82,1.39,0.92,3.36,7.5,7.5,1.85,0.3,197.75,2.42,11.56,1.82,0.26,0.0,3.12,2.97,6.0
2395,119,0,47,175,175,33,10.0,51.65,408.3,2.94,0.68,6.28,7.5,7.5,0.2,0.25,232.63,2.56,12.33,7.73,0.0,0.0,2.91,2.97,7.73
2396,65,39,16,168,168,43,10.0,34.79,262.5,1.39,0.79,4.27,7.5,6.08,0.28,0.14,225.01,2.18,8.18,0.48,0.26,0.0,2.58,3.0,8.9
2397,92,33,95,170,170,40,10.0,30.82,288.65,2.27,0.64,4.15,7.5,5.25,0.12,0.21,171.91,2.08,11.24,5.82,0.2,0.0,2.91,3.0,9.55
2398,71,40,28,177,177,51,10.0,21.64,255.56,1.68,0.8,4.67,7.5,7.5,0.63,0.2,241.12,2.52,4.75,0.74,0.26,0.0,2.88,2.83,7.71
2399,65,19,73,139,139,26,10.0,22.39,204.29,1.52,0.72,4.32,5.36,3.22,0.14,0.28,141.1,2.45,10.71,3.0,0.0,0.0,2.59,2.43,5.1
2400,98,33,29,186,186,30,10.0,17.76,189.91,2.06,0.72,2.66,7.5,5.25,0.06,0.23,112.61,2.73,12.34,2.44,0.2,0.0,3.09,2.77,9.23
2401,72,15,21,168,168,53,10.0,20.12,264.39,1.56,0.74,4.27,7.5,5.93,0.0,0.14,207.33,2.93,12.06,2.03,0.0,0.27,2.38,3.0,5.72
2402,66,39,44,137,137,26,10.0,31.07,241.67,1.83,0.65,4.71,5.71,4.0,0.04,0.33,189.94,1.9,22.8,11.33,0.29,0.0,2.23,2.6,7.01
2403,50,42,38,108,108,20,10.0,26.92,211.54,1.73,0.71,3.8,4.61,3.46,0.77,0.3,117.99,2.39,11.38,3.64,0.33,0.0,1.88,2.2,7.21
2404,70,15,26,161,161,59,10.0,41.0,363.33,1.44,0.92,4.36,7.5,5.32,0.01,0.3,291.05,3.23,15.56,0.45,0.0,0.0,2.71,2.66,3.2
2405,47,41,44,153,153,40,0.0,40.77,254.8,1.16,0.86,3.68,6.43,6.04,0.15,0.32,236.48,2.35,22.28,4.38,0.29,0.0,2.58,2.4,6.71
2406,12,7,10,36,36,11,0.0,9.31,70.06,0.62,0.59,1.75,1.79,0.64,0.03,0.0,43.65,1.84,1.31,-1.0,0.0,0.0,0.31,1.26,0.0
2407,125,30,84,168,168,95,10.0,60.53,462.88,2.7,0.61,6.87,7.5,4.5,0.03,0.32,192.29,5.33,34.06,5.16,0.0,0.0,2.74,2.97,7.36
2408,53,41,53,132,132,30,5.0,62.66,337.32,1.59,0.7,6.66,5.36,2.68,0.12,0.15,171.47,3.18,36.64,1.07,0.3,0.0,2.34,2.51,5.13
2409,41,47,68,148,148,24,5.0,36.03,253.93,1.1,0.88,3.3,6.07,4.43,0.13,0.05,166.25,2.1,6.0,-1.0,0.29,0.0,2.68,2.66,2.36
2411,49,21,62,170,170,17,10.0,27.76,258.52,1.26,0.87,2.97,7.5,5.03,0.0,0.12,143.24,2.97,1.62,0.0,0.0,0.0,2.88,3.0,4.47
2463,130,37,61,165,165,29,10.0,41.64,387.15,2.24,0.71,6.7,7.5,5.47,0.12,0.12,247.08,3.27,17.31,1.97,0.24,0.0,2.48,2.83,0.0
2479,1,0,0,1,1,61,0.0,0.0,0.0,0.0,0.0,0.0,0.0,0.0,-1.0,0.0,0.03,0.0,-1.0,-1.0,0.0,0.0,0.0,0.09,0.0
2512,107,39,65,167,167,16,10.0,24.61,217.09,2.06,0.67,4.94,7.5,5.47,0.67,0.29,149.37,2.47,17.91,6.03,0.26,0.0,2.74,2.94,4.37
2513,81,53,55,162,162,26,5.0,38.0,317.77,1.93,0.64,6.45,6.43,6.43,0.12,0.27,184.86,2.53,40.13,9.3,0.28,0.0,3.03,2.66,4.8
2515,81,60,44,155,155,45,10.0,37.58,282.94,1.56,0.77,8.06,6.43,3.73,0.02,0.41,223.95,2.87,42.56,4.85,0.26,0.0,2.64,2.69,5.1
2517,47,8,67,152,152,26,0.0,17.22,250.11,1.19,0.69,3.23,5.18,4.82,0.53,0.15,192.58,1.31,7.54,0.36,0.0,0.0,3.0,2.17,2.07
2557,43,45,45,117,117,10,10.0,23.32,170.36,1.38,0.84,6.24,5.0,1.8,0.34,0.16,89.28,2.75,46.5,0.0,0.32,0.0,1.93,2.37,0.0
2558,41,26,26,63,63,8,0.0,16.0,139.78,1.61,0.7,4.58,3.69,1.84,0.31,0.22,97.05,3.22,4.78,0.0,0.0,0.0,1.0,1.49,0.0
2583,71,40,60,138,138,25,0.0,25.86,231.69,1.76,0.65,3.73,5.36,3.86,0.06,0.15,148.81,1.73,10.9,3.2,0.29,0.07,2.33,2.29,2.11
2615,51,47,65,155,155,39,10.0,33.05,371.05,2.0,0.67,4.74,5.0,4.3,0.03,0.43,100.64,3.22,24.11,9.55,0.43,0.0,4.8,1.66,0.0
2625,66,37,32,100,100,23,0.0,8.58,95.96,1.85,0.66,1.6,5.0,2.8,0.0,0.35,70.88,2.76,6.48,6.96,0.31,0.0,1.65,1.8,8.74
1247,89,32,36,81,81,18,5.0,30.27,235.23,2.23,0.58,5.35,3.78,2.19,1.03,0.42,90.5,4.09,44.3,16.7,0.21,0.0,1.57,1.89,0.0
1484,75,35,29,176,176,19,10.0,15.94,162.72,1.67,0.73,1.19,7.5,4.27,0.86,0.25,123.21,2.13,8.32,5.65,0.23,0.0,2.65,2.94,2.77
1487,72,45,20,165,165,39,5.0,48.71,394.88,1.82,0.72,7.0,7.5,5.03,1.11,0.22,291.02,2.32,11.91,1.52,0.26,0.0,2.64,2.74,1.08
1509,0.0,0,0,0,0,5,0.0,0.0,0.0,0.0,0.0,0.0,0.0,0.0,-1.0,1.0,0.0,0.0,-1.0,-1.0,0.0,0.0,0.0,0.0,3.83
1535,75,10,5,33,33,5,0.0,10.87,123.6,3.07,0.63,4.07,2.5,0.55,0.17,0.03,48.75,3.37,8.67,-1.0,0.0,0.0,0.33,1.29,0.06
1543,83,44,61,155,155,14,10.0,22.83,193.74,2.17,0.66,2.07,6.43,4.57,0.72,0.3,146.49,2.88,13.37,17.32,0.31,0.0,2.84,2.43,1.44
1807,140,33,19,100,100,27,0.0,42.67,319.85,2.22,0.63,6.65,4.94,3.66,0.01,0.65,97.45,3.85,73.7,8.74,0.25,0.0,1.96,2.23,4.15
2238,64,39,73,168,168,18,10.0,29.3,313.76,1.28,0.88,2.33,7.5,5.03,0.01,0.16,270.26,2.26,7.3,1.21,0.26,0.0,2.79,2.91,9.67
2239,67,44,34,163,163,34,10.0,28.12,259.82,1.47,0.77,3.71,7.5,5.03,0.29,0.06,163.67,3.24,2.84,0.0,0.26,0.03,2.68,2.86,8.4
2240,119,45,40,146,147,45,0.0,40.5,321.29,2.9,0.48,8.03,6.43,4.95,0.33,0.48,184.89,3.47,56.23,32.31,0.27,0.0,2.39,2.69,6.0
2241,100,45,39,126,126,36,0.0,23.77,227.7,2.41,0.55,2.17,6.07,4.13,0.07,0.4,142.49,2.62,18.77,18.07,0.28,0.0,2.23,2.51,6.09
2266,74,205,104,172,172,61,10.0,41.32,488.38,1.53,0.77,5.12,7.5,7.5,0.84,0.16,226.64,3.56,13.79,0.45,0.0,0.0,2.44,2.74,9.73
2276,69,39,28,126,126,22,10.0,25.57,235.93,1.96,0.67,5.0,4.64,1.76,0.04,0.17,144.17,2.04,7.15,2.96,0.31,0.0,2.29,2.14,7.44
2280,96,59,42,176,176,45,5.0,29.88,292.23,2.52,0.52,4.78,6.43,5.72,0.03,0.28,271.5,1.97,18.97,9.28,0.27,0.03,2.94,2.83,6.47
2281,73,67,64,142,142,30,10.0,50.39,433.1,1.71,0.74,5.5,6.07,4.31,0.09,0.19,231.24,3.7,14.87,1.33,0.28,0.0,2.16,2.31,7.03
2282,165,39,30,147,147,35,7.5,19.3,239.32,2.97,0.63,4.17,6.07,3.04,0.09,0.36,139.16,2.44,6.03,17.74,0.28,0.0,2.27,2.57,5.0
2283,67,44,50,131,131,23,5.0,36.69,261.52,1.66,0.7,4.1,5.71,3.08,0.43,0.37,191.19,2.12,20.41,8.93,0.29,0.0,2.2,2.54,5.27
2284,54,40,49,156,156,24,5.0,34.64,285.94,1.16,0.92,4.47,7.5,5.32,0.0,0.2,166.66,3.71,24.68,1.39,0.26,0.0,2.71,2.94,7.2
2285,117,39,29,130,130,26,0.0,28.82,231.14,1.97,0.7,4.59,5.89,3.24,0.04,0.22,118.37,3.48,30.34,12.93,0.29,0.0,2.27,2.43,0.0
2286,174,25,21,93,93,31,0.0,53.68,437.48,5.54,0.38,4.24,3.96,3.01,0.01,0.54,264.45,2.16,57.81,50.04,0.3,0.0,1.73,1.97,2.2
2287,74,34,18,130,130,20,5.0,26.24,243.7,1.41,0.77,1.97,6.07,4.67,0.0,0.32,145.98,2.43,13.9,6.83,0.23,0.0,2.48,2.63,5.83
2288,146,39,75,154,154,30,5.0,36.91,281.34,2.97,0.59,2.58,7.5,6.22,0.0,0.34,178.25,2.67,16.82,6.88,0.26,0.0,2.45,2.86,8.5
2289,121,44,32,168,168,29,5.0,46.97,412.06,2.73,0.6,4.52,7.5,6.22,0.27,0.26,213.86,2.98,30.84,11.06,0.26,0.03,2.36,2.91,8.2
2290,86,33,45,113,113,19,10.0,15.75,186.0,2.31,0.62,3.44,5.3,2.38,0.22,0.48,162.05,1.92,22.38,13.07,0.27,0.0,2.0,2.4,5.53
2291,97,29,27,156,156,33,0.0,35.79,310.09,2.42,0.59,3.94,7.5,5.62,0.03,0.31,135.32,3.48,23.18,9.71,0.2,0.0,2.24,2.66,6.1
2292,112,45,62,167,167,42,0.0,55.88,402.09,2.41,0.56,2.61,7.5,5.32,0.0,0.48,267.3,1.76,23.33,22.53,0.26,0.0,2.64,2.63,5.57
2293,130,41,35,159,159,30,5.0,30.61,216.3,2.3,0.7,3.25,7.5,4.5,0.09,0.18,197.07,2.04,12.48,3.56,0.29,0.0,2.47,2.89,7.47
2294,48,39,18,149,149,23,10.0,30.12,218.84,1.34,0.85,4.94,6.79,3.06,0.04,0.04,196.19,1.96,10.39,0.0,0.27,0.22,2.38,2.77,7.53
2295,90,39,19,143,143,30,10.0,33.88,291.53,2.09,0.65,5.72,6.93,3.46,0.27,0.22,259.76,2.53,31.5,5.34,0.26,0.0,2.35,2.66,6.0
2296,30,7,9,37,37,7,5.0,8.57,67.43,1.47,0.52,0.87,1.79,0.59,0.06,0.2,32.37,2.33,1.4,2.0,0.0,0.0,0.33,1.23,3.6
2298,77,36,23,92,92,14,5.0,40.38,227.69,2.42,0.56,2.8,4.58,2.29,0.1,0.44,87.86,2.58,31.84,20.12,0.3,0.0,1.36,2.23,0.47
2299,49,37,102,219,219,14,10.0,18.48,219.94,1.18,0.97,2.73,7.5,2.85,0.55,0.06,118.37,2.8,2.28,0.0,0.2,0.0,3.79,2.97,9.0
2300,37,36,29,118,118,21,5.0,20.32,184.54,1.11,0.88,3.79,5.15,2.78,0.01,0.08,142.34,2.36,7.33,-1.0,0.27,0.0,2.03,2.06,2.0
2301,74,39,20,153,153,25,10.0,48.21,344.91,1.44,0.87,7.91,7.5,4.27,0.94,0.24,219.21,2.91,46.97,4.06,0.26,0.0,2.53,2.77,5.93
2302,13,0,0,13,13,3,0.0,9.0,64.38,1.12,0.94,2.0,1.43,0.63,-1.0,0.38,24.44,1.81,6.88,3.12,0.0,0.0,0.0,0.71,0.03
2303,79,41,41,111,111,19,10.0,16.15,153.96,2.0,0.69,0.96,4.79,2.73,0.0,0.35,83.44,2.71,7.44,14.22,0.32,0.0,2.11,2.17,6.2
2304,114,44,22,146,146,21,10.0,32.15,257.63,3.61,0.57,7.0,4.82,4.63,0.0,0.29,153.01,2.93,31.22,10.37,0.31,0.0,2.93,2.29,7.07
2305,202,35,66,99,99,21,10.0,27.65,337.35,4.96,0.42,9.27,4.17,4.17,0.74,0.23,164.8,3.34,28.48,23.28,0.26,0.0,1.64,2.14,5.93
2306,46,173,82,155,155,63,10.0,25.62,300.33,1.09,0.95,6.62,7.5,3.3,4.67,0.0,275.53,3.32,10.62,0.48,0.21,0.0,2.06,2.97,6.13
2366,93,3,12,111,111,37,0.0,29.0,340.93,2.86,0.63,2.63,5.71,2.63,1.19,0.39,173.47,2.43,16.62,21.5,0.0,0.0,2.14,2.29,7.4
2379,50,10,14,50,50,21,5.0,17.59,154.35,2.06,0.54,3.47,2.71,1.35,0.0,0.2,66.26,1.55,12.41,7.35,0.0,0.0,0.94,1.37,5.0
2416,104,42,35,142,142,39,10.0,73.37,479.47,2.7,0.6,10.17,5.71,4.68,0.0,0.46,289.17,3.16,42.97,5.24,0.27,0.0,2.57,2.34,2.93
2417,123,47,24,138,138,36,10.0,107.03,548.15,2.28,0.62,9.31,6.07,3.88,0.03,0.41,451.03,2.47,64.61,6.91,0.26,0.0,2.29,2.63,3.6
2418,38,10,10,55,55,14,0.0,15.0,146.37,1.44,0.71,2.0,3.27,1.64,-1.0,0.26,50.35,2.76,5.63,0.0,0.0,0.0,1.32,1.43,0.0
2419,105,44,64,136,136,19,0.0,77.58,491.61,2.33,0.56,8.84,6.07,2.43,0.13,0.53,302.84,2.49,73.26,15.87,0.27,0.0,2.26,2.66,0.0
2420,74,44,36,122,122,20,0.0,16.86,154.93,2.21,0.49,2.14,5.36,3.48,0.05,0.23,130.19,1.9,15.79,6.43,0.3,0.0,2.21,2.43,5.0
2530,66,42,24,100,100,31,0.0,11.09,107.27,1.39,0.89,1.23,4.46,2.63,0.0,0.67,35.41,2.84,15.04,9.13,0.38,0.0,2.3,1.71,0.0
2531,20,0,17,42,42,30,0.0,4.43,44.86,1.0,0.92,1.5,2.5,0.43,2.21,0.15,8.53,1.85,0.0,0.0,0.0,0.0,0.53,1.29,2.53
2565,46,55,44,98,98,17,0.0,51.88,393.5,2.13,0.43,6.88,2.86,2.86,0.1,0.46,129.39,2.05,36.19,35.65,0.53,0.0,4.12,1.26,4.42
2566,117,44,42,114,114,19,0.0,25.41,213.14,2.86,0.51,1.0,5.15,3.86,-1.0,0.48,148.73,2.52,19.24,15.57,0.3,0.0,2.03,2.37,2.87
1101,63,92,183,195,195,16,10.0,35.27,409.94,1.39,0.88,4.67,7.5,6.3,0.0,0.03,178.77,2.87,4.15,0.0,0.29,0.0,3.21,2.8,0.0
1114,45,30,11,147,147,14,10.0,12.34,180.76,1.29,0.79,2.11,5.36,4.93,0.82,0.24,66.56,2.46,4.85,2.36,0.3,0.0,2.97,2.51,0.0
1646,81,23,31,137,137,25,10.0,12.55,166.77,1.77,0.62,1.16,5.71,3.94,0.59,0.46,127.35,3.25,15.19,19.58,0.24,0.0,2.52,2.6,5.33
1647,54,27,13,60,60,14,10.0,65.6,477.9,4.22,0.55,6.11,1.46,1.46,-1.0,0.76,56.52,2.57,75.56,70.22,0.7,0.0,4.6,0.8,6.51
1662,202,23,77,140,140,28,10.0,30.74,298.68,5.66,0.48,4.64,5.71,4.45,0.08,0.36,114.15,3.23,41.18,47.28,0.0,0.0,2.83,2.46,6.16
1663,64,26,58,115,115,6,5.0,15.56,183.04,1.75,0.73,1.56,5.0,3.55,0.52,0.41,49.24,3.26,9.0,11.04,0.28,0.0,2.21,2.2,5.0
1925,16,0,6,49,49,80,0.0,3.46,45.77,1.0,1.0,0.0,0.0,0.0,4.31,0.06,15.77,3.1,0.0,0.0,0.0,0.0,1.64,1.11,0.0
1980,250,36,93,166,166,61,5.0,18.33,234.03,3.5,0.58,3.76,7.5,7.5,0.92,0.32,150.41,3.1,18.7,13.22,0.26,0.0,2.97,2.94,6.31
2307,20,0,6,30,30,10,0.0,6.86,82.86,1.07,1.0,1.64,2.5,1.05,0.0,0.15,41.23,2.56,0.57,0.0,0.0,0.0,0.43,1.09,0.06
2308,16,0,6,29,29,7,0.0,5.46,62.29,1.0,1.0,1.21,2.5,0.3,0.0,0.0,14.82,3.6,-1.0,-1.0,0.0,0.0,0.23,1.2,0.06
2309,87,44,45,122,122,20,10.0,32.54,250.29,2.39,0.6,4.1,5.71,3.65,0.06,0.29,167.85,1.97,17.45,5.14,0.3,0.0,2.07,2.46,0.0
2311,66,39,61,116,116,24,0.0,17.96,146.0,1.67,0.69,1.41,5.0,3.45,1.82,0.48,89.07,2.24,9.85,14.26,0.29,0.0,1.68,2.4,7.95
2312,81,33,24,176,176,30,10.0,23.03,192.56,1.68,0.83,1.88,7.5,6.75,0.26,0.17,111.56,4.11,5.76,2.42,0.21,0.0,2.7,2.71,6.95
2313,92,34,27,181,181,27,10.0,55.36,352.45,2.18,0.67,7.39,7.14,5.0,0.04,0.25,201.51,3.08,16.69,1.12,0.3,0.0,2.41,2.69,0.0
2314,61,52,72,167,167,23,10.0,13.44,243.28,1.31,0.86,2.67,7.5,3.0,0.48,0.21,119.04,3.36,3.5,2.5,0.26,0.03,2.43,2.37,8.37
2315,65,31,41,153,153,12,5.0,23.04,180.85,1.84,0.63,2.16,5.0,4.1,0.0,0.32,95.63,1.87,10.22,8.5,0.48,0.0,2.63,2.23,6.13
2316,61,33,23,105,105,17,5.0,10.68,197.46,1.6,0.9,3.5,3.99,2.67,0.03,0.34,93.29,2.6,19.92,9.21,0.28,0.0,2.19,2.09,8.95
2317,49,32,20,132,132,27,0.0,11.22,148.54,1.32,0.68,2.19,4.58,1.24,0.26,0.31,129.43,2.1,11.85,3.7,0.31,0.0,1.81,2.17,8.19
2318,72,31,45,139,139,18,5.0,30.75,284.75,2.18,0.66,4.41,5.0,3.0,0.02,0.38,113.34,2.04,19.52,12.43,0.22,0.0,2.0,2.37,9.65
2319,60,0,8,146,146,30,10.0,36.45,287.0,1.38,0.84,4.6,5.71,4.28,0.41,0.37,138.85,4.28,16.82,6.21,0.0,0.0,2.37,2.51,9.99
2320,41,28,18,91,91,12,5.0,10.04,131.12,1.2,0.72,0.64,4.38,3.15,-1.0,0.2,99.48,1.96,1.08,2.73,0.32,0.0,1.69,2.09,8.19
2321,41,39,79,155,155,13,0.0,17.29,207.9,1.19,0.91,3.39,7.5,3.3,0.02,0.02,122.84,2.86,4.32,-1.0,0.28,0.0,2.32,2.83,0.92
2322,52,36,42,193,193,16,10.0,14.76,141.74,1.21,0.95,1.47,7.5,2.03,0.91,0.08,84.57,2.6,3.82,0.88,0.24,0.09,2.48,2.97,8.8
2323,159,35,40,136,136,26,5.0,24.9,192.59,3.07,0.6,1.39,5.71,3.65,0.53,0.52,95.63,2.24,17.0,36.53,0.27,0.0,1.97,2.51,6.56
2324,98,12,14,126,126,17,5.0,52.74,462.79,2.56,0.6,6.19,5.0,2.2,0.06,0.3,217.84,2.35,32.86,5.04,0.0,0.0,2.07,2.26,6.54
2325,58,30,56,182,180,44,10.0,17.09,149.03,1.24,0.95,3.44,7.5,2.7,4.85,0.36,116.14,2.67,14.88,4.0,0.21,0.0,2.27,2.86,9.99
2326,26,7,10,32,32,18,0.0,5.92,58.69,0.92,0.68,0.62,1.79,0.64,-1.0,0.38,48.02,1.36,0.0,1.15,0.0,0.0,0.31,1.06,0.0
2327,18,0,7,47,47,10,10.0,8.47,53.84,1.0,0.78,0.21,2.5,1.25,34.05,0.06,20.56,2.08,0.0,-1.0,0.0,0.0,0.84,1.31,0.0
2328,34,0,0,11,11,7,0.0,53.86,289.57,2.83,0.66,1.67,1.07,0.21,0.05,0.09,39.88,2.92,0.0,4.29,0.0,0.0,0.0,0.57,0.0
2336,46,37,46,149,149,36,10.0,21.67,194.37,1.07,0.92,3.79,6.43,4.31,0.1,0.15,109.21,3.46,12.37,1.29,0.27,0.0,1.8,2.66,6.79
2337,35,35,36,139,139,23,10.0,6.57,55.74,1.04,1.0,0.96,5.71,1.88,11.5,0.09,38.95,2.18,2.14,0.0,0.29,0.0,2.14,2.54,7.61
2366,14,0,6,29,29,39,0.0,2.33,33.67,0.0,0.0,1.38,0.0,0.0,2.08,0.0,17.34,1.92,-1.0,-1.0,0.0,0.0,0.23,1.11,0.0
2413,57,27,10,85,85,14,5.0,8.86,128.5,1.76,0.61,1.57,3.6,2.41,0.0,0.21,66.43,2.04,1.77,3.41,0.32,0.0,1.55,1.6,7.07
2425,42,41,57,163,163,22,10.0,13.32,131.94,1.0,1.0,1.62,7.5,4.27,0.02,0.12,127.95,2.53,1.72,0.76,0.23,0.0,2.89,2.83,10.0
2426,37,81,56,179,179,19,10.0,21.44,224.68,1.0,1.0,2.12,7.5,6.3,0.01,0.03,160.26,3.0,0.81,-1.0,0.26,0.06,2.61,2.97,9.49
2428,28,31,54,124,124,43,0.0,41.52,421.14,1.0,0.74,4.9,4.11,3.62,0.0,0.18,125.79,2.97,28.09,3.91,0.55,0.05,2.68,1.66,7.93
2429,60,39,49,152,152,15,10.0,14.0,178.93,1.25,0.96,3.15,5.36,5.09,0.0,0.1,101.58,2.65,6.11,0.54,0.31,0.0,3.21,2.26,5.07
2430,57,39,32,143,143,21,10.0,26.35,227.81,1.52,0.79,4.31,5.0,4.4,-1.0,0.23,118.37,2.06,12.26,2.96,0.32,0.0,2.96,2.06,8.4
2431,42,36,46,114,114,11,0.0,10.15,119.0,1.19,0.88,0.23,5.0,2.6,0.23,0.29,43.89,2.2,3.0,3.89,0.26,0.0,1.89,2.11,4.22
2432,33,39,48,108,108,9,0.0,10.81,136.43,1.09,0.88,0.45,4.29,2.79,0.01,0.27,44.37,2.23,1.77,2.86,0.35,0.0,2.0,1.97,6.21
2433,102,36,39,108,108,17,5.0,38.41,323.81,4.71,0.54,7.0,3.39,2.71,0.02,0.38,68.47,3.33,59.24,29.59,0.41,0.0,3.41,1.37,7.06
2531,58,24,47,113,113,32,0.0,30.16,219.52,1.65,0.78,4.88,0.0,0.0,1.01,0.24,231.78,2.22,26.72,0.62,0.0,0.0,1.76,2.26,0.0
2540,75,11,130,183,183,81,10.0,89.24,461.71,1.7,0.68,10.12,6.79,6.79,0.34,0.23,388.15,2.05,23.64,0.45,0.0,0.06,3.12,2.91,8.46
2613,54,31,39,145,145,9,0.0,5.58,29.54,1.46,1.0,0.04,5.0,1.1,39.74,0.44,41.76,1.43,3.81,7.85,0.5,0.0,2.46,1.89,0.0
2622,20,0,17,49,49,12,5.0,1.2,48.4,1.13,0.86,1.13,2.5,0.62,2.88,0.05,9.06,2.68,0.0,-1.0,0.0,0.0,0.87,1.2,6.23
1544,122,28,10,140,140,14,10.0,21.83,222.46,2.76,0.66,8.45,5.3,4.13,0.04,0.11,138.09,3.3,11.82,0.52,0.3,0.0,2.61,2.46,2.6
2210,56,42,41,129,129,27,5.0,41.9,318.77,1.48,0.78,7.32,6.07,6.07,0.85,0.29,190.52,2.53,30.3,1.16,0.28,0.03,2.06,2.66,8.21
2211,33,63,51,106,106,35,10.0,22.75,184.04,1.16,0.92,3.46,4.52,2.53,1.14,0.18,95.2,4.69,10.25,0.62,0.35,0.0,2.08,1.97,2.14
2212,60,42,33,167,167,40,10.0,29.53,252.53,1.44,0.82,6.06,7.5,5.32,0.04,0.13,230.89,2.61,15.56,0.79,0.26,0.0,2.65,2.97,10.0
2213,75,39,33,152,152,21,5.0,46.36,294.67,1.74,0.7,6.52,7.5,5.25,0.01,0.2,218.29,2.09,21.97,2.65,0.26,0.0,2.21,2.77,6.54
2214,122,39,64,116,116,37,10.0,82.75,556.0,3.21,0.59,14.04,4.82,1.93,0.03,0.15,228.46,3.37,32.44,3.0,0.31,0.04,1.63,2.37,2.75
2215,90,61,75,162,162,32,10.0,43.79,419.12,1.78,0.74,8.91,7.5,5.32,0.03,0.14,318.42,2.16,12.48,0.0,0.26,0.0,2.94,3.0,6.16
2216,69,49,26,157,157,38,10.0,46.27,357.85,1.61,0.78,7.97,7.5,5.03,0.03,0.19,251.62,2.13,26.64,1.52,0.26,0.0,2.33,2.83,7.51
2217,239,46,44,151,151,11,5.0,28.31,249.0,6.38,0.51,0.97,6.79,5.23,0.09,0.57,157.31,2.32,36.39,80.97,0.27,0.0,2.62,2.74,0.4
2218,5,0,0,9,9,4,0.0,3.33,50.83,1.0,1.0,0.5,0.89,0.29,-1.0,0.0,12.69,0.92,-1.0,-1.0,0.0,0.0,0.0,0.49,0.02
2219,90,38,41,169,169,45,10.0,10.53,158.44,1.75,0.72,2.79,7.5,4.2,0.3,0.36,122.35,2.62,9.45,9.88,0.23,0.0,2.41,2.86,10.0
2220,59,50,57,161,161,47,10.0,30.18,254.38,1.39,0.77,6.65,7.5,4.2,1.41,0.15,254.36,2.22,14.19,0.0,0.26,0.0,2.62,2.54,7.75
2221,88,42,51,152,152,36,5.0,44.84,316.09,1.69,0.68,4.19,7.5,4.88,0.06,0.16,196.2,3.11,10.19,0.45,0.26,0.0,2.41,2.69,5.05
2222,72,44,32,124,124,20,0.0,48.97,382.77,1.8,0.67,8.23,6.07,3.64,0.46,0.19,191.69,3.27,27.43,0.0,0.29,0.0,2.35,2.49,5.64
2223,39,40,74,152,152,51,10.0,16.15,205.7,1.0,1.0,4.52,7.5,5.62,0.94,0.03,154.96,2.07,4.79,0.0,0.26,0.19,2.0,3.0,10.0
2224,159,60,45,169,169,39,10.0,41.64,363.82,2.81,0.57,12.44,7.5,4.5,0.14,0.13,284.54,2.57,21.82,2.97,0.12,0.0,2.79,2.71,9.47
2225,110,44,24,168,168,48,10.0,63.12,479.61,2.45,0.63,4.91,7.5,6.98,0.0,0.34,380.81,2.68,16.35,17.97,0.26,0.0,2.73,2.97,10.0
2226,40,39,33,168,168,40,5.0,41.39,354.0,1.0,0.98,4.78,7.5,5.78,0.01,0.03,300.2,3.3,17.82,0.0,0.26,0.0,2.45,2.91,5.0
2227,371,44,33,145,145,31,0.0,74.69,500.75,6.44,0.38,21.35,7.5,5.17,0.04,0.45,415.55,3.0,147.79,56.39,0.26,0.0,2.32,2.91,5.99
2228,159,65,82,137,137,17,10.0,118.93,709.07,3.83,0.64,8.79,5.36,3.43,0.03,0.33,242.68,5.48,34.33,7.48,0.29,0.0,2.65,2.51,0.74
2229,60,128,95,156,156,34,10.0,30.73,369.36,1.44,0.87,5.85,7.5,5.85,0.08,0.13,313.03,2.13,16.16,0.0,0.29,0.2,2.33,2.89,9.38
2230,77,44,30,158,158,25,0.0,35.52,230.03,1.85,0.72,4.09,7.5,4.72,0.01,0.22,159.78,1.84,11.94,2.94,0.26,0.0,2.42,2.94,5.67
2231,7,7,4,17,17,7,0.0,3.57,37.71,1.0,0.75,1.43,1.07,0.27,-1.0,0.0,9.4,2.03,-1.0,-1.0,0.0,0.0,0.0,0.63,0.0
2232,139,47,147,141,141,53,0.0,77.59,458.06,2.48,0.58,3.78,6.25,6.0,0.03,0.51,399.32,1.86,37.91,28.18,0.26,0.03,2.24,2.63,4.68
2233,71,39,21,113,113,21,0.0,25.59,244.8,1.55,0.69,4.03,5.71,4.63,0.0,0.13,155.83,2.59,18.8,3.33,0.29,0.0,2.17,2.2,3.72
2234,64,21,19,50,47,18,0.0,23.29,196.88,1.41,0.5,3.29,2.41,1.21,0.19,0.08,123.33,1.65,9.82,0.06,0.0,0.0,0.5,1.37,0.1
2235,64,44,33,151,151,20,0.0,31.06,247.15,1.41,0.83,2.75,7.5,5.03,0.54,0.14,161.33,2.46,8.21,1.0,0.26,0.0,2.38,2.86,5.17
2237,30,36,37,79,79,15,5.0,49.55,291.15,0.95,0.58,3.4,2.74,2.19,-1.0,0.27,231.26,1.84,11.53,1.9,0.41,0.0,2.05,1.6,3.49
2353,110,53,51,166,166,37,10.0,63.45,475.64,2.33,0.64,13.64,7.5,7.5,0.18,0.15,264.58,3.74,56.97,2.27,0.26,0.0,2.67,2.97,7.05
2389,0.0,0,2,6,6,54,0.0,0.0,0.0,0.0,0.0,0.0,0.0,0.0,-1.0,1.0,3.42,1.94,-1.0,-1.0,0.0,0.0,0.0,0.06,0.0
2527,104,48,30,180,180,12,5.0,50.41,355.73,2.62,0.59,6.97,7.5,5.32,0.19,0.35,128.41,3.76,45.39,16.24,0.26,0.0,3.0,2.6,0.48
2561,42,50,67,158,159,35,10.0,19.82,222.44,1.03,1.0,2.65,7.5,5.93,0.0,0.1,62.42,4.94,1.41,0.0,0.26,0.0,2.37,2.89,10.0
2562,74,39,43,181,181,28,10.0,54.06,369.78,1.67,0.75,4.33,7.5,7.5,0.01,0.23,187.44,4.31,3.36,0.0,0.26,0.0,3.09,2.94,6.45
2563,18,11,5,76,76,3,0.0,11.25,166.33,1.08,0.88,3.33,3.27,2.29,0.0,0.11,50.56,2.27,2.83,0.0,0.09,0.08,3.25,0.86,0.08
2573,41,17,31,115,115,27,0.0,28.54,217.5,1.08,0.88,2.96,5.0,3.2,0.57,0.29,135.21,3.92,5.4,0.96,0.0,0.0,2.15,2.34,5.97
2574,77,89,81,158,158,60,10.0,38.36,418.42,1.64,0.84,5.52,7.5,6.83,0.07,0.39,213.87,3.66,8.28,1.81,0.26,0.0,2.52,2.69,8.46
2596,0.0,0,0,0,0,47,0.0,0.0,0.0,0.0,0.0,0.0,0.0,0.0,-1.0,1.0,0.0,0.0,-1.0,-1.0,0.0,0.0,0.0,0.0,0.01
2130,0.0,0,0,0,0,102,0.0,0.0,0.0,0.0,0.0,0.0,0.0,0.0,-1.0,1.0,0.0,0.0,-1.0,-1.0,0.0,0.0,0.0,0.0,0.0
2242,73,0,13,178,178,111,10.0,42.21,348.27,1.52,0.87,5.34,7.5,5.03,0.53,0.23,189.55,2.97,14.97,8.21,0.0,0.0,2.82,2.91,8.72
2243,57,41,66,158,158,43,0.0,29.42,285.0,1.39,0.85,5.94,7.5,6.0,0.97,0.3,193.63,2.15,25.53,0.0,0.24,0.03,3.21,2.6,0.07
2244,138,36,19,166,166,44,5.0,45.47,398.03,3.09,0.65,10.21,7.5,6.38,0.15,0.3,209.48,3.41,45.81,10.56,0.23,0.0,2.5,2.83,8.21
2245,56,44,58,173,173,120,10.0,60.91,549.91,1.44,0.89,10.06,7.5,4.65,0.28,0.2,221.63,4.74,30.09,2.73,0.0,0.0,2.76,2.91,9.23
2246,35,39,12,93,93,29,10.0,46.56,353.0,1.41,0.71,2.75,2.86,1.92,0.05,0.17,105.72,3.04,13.94,3.59,0.5,0.24,2.83,1.37,9.21
2247,54,39,34,107,107,31,0.0,24.2,252.96,1.63,0.56,1.24,4.29,3.99,0.07,0.39,139.42,2.51,11.73,7.35,0.32,0.0,2.14,2.06,2.57
2248,109,15,19,167,167,23,0.0,46.94,249.62,2.21,0.67,3.24,7.14,3.43,0.01,0.38,82.84,4.34,13.21,12.03,0.0,0.0,2.47,2.26,5.35
2249,154,39,23,166,166,75,10.0,67.38,479.09,3.26,0.56,9.27,7.5,5.03,0.23,0.29,327.46,2.73,34.5,9.58,0.26,0.0,2.48,2.91,6.35
2250,106,40,45,120,120,55,0.0,29.08,255.93,2.58,0.56,0.26,4.82,2.75,0.15,0.57,138.3,1.75,15.89,27.23,0.33,0.0,2.14,2.29,8.46
2251,33,26,50,126,126,32,10.0,31.16,316.69,1.08,0.93,6.0,5.21,3.7,0.05,0.15,86.84,3.86,25.52,0.0,0.0,0.0,2.42,2.11,8.04
2252,56,39,18,153,153,38,0.0,27.65,227.93,1.63,0.73,1.12,6.07,3.52,-1.0,0.5,177.55,2.13,13.92,16.19,0.32,0.2,2.93,2.2,8.71
2253,103,45,57,108,108,56,10.0,34.0,309.62,2.56,0.72,3.65,5.0,1.45,0.03,0.23,162.25,3.45,20.62,11.85,0.29,0.0,1.96,2.34,9.66
2254,69,44,12,120,120,39,10.0,53.96,346.86,1.46,0.93,6.36,5.0,2.75,0.09,0.48,256.48,2.59,31.0,3.04,0.31,0.0,2.07,2.46,5.82
2255,84,39,23,127,127,48,5.0,55.74,302.77,2.04,0.68,6.04,5.0,2.15,0.57,0.18,200.9,2.19,29.74,5.14,0.29,0.0,2.36,2.31,7.32
2256,64,36,28,121,121,16,10.0,28.93,294.22,1.52,0.78,4.07,5.36,2.04,0.13,0.34,167.35,3.03,26.27,19.78,0.28,0.0,2.21,2.43,0.59
2257,19,0,0,12,12,6,0.0,5.43,42.71,1.43,0.67,2.0,1.25,0.15,0.0,0.11,25.5,2.68,0.0,-1.0,0.0,0.0,0.0,0.63,0.0
2258,73,39,24,161,161,62,10.0,30.82,275.53,1.55,0.85,3.73,6.96,3.9,1.74,0.4,160.02,3.13,12.0,3.48,0.29,0.0,2.53,2.83,8.18
2259,29,28,9,141,141,36,0.0,6.7,81.57,1.18,0.9,1.82,5.36,0.86,0.02,0.14,68.73,2.27,8.0,1.14,0.33,0.0,3.39,1.89,5.57
2260,11,7,6,15,15,25,0.0,32.2,199.6,2.2,0.25,4.4,0.36,0.18,0.0,0.0,14.64,1.69,-1.0,-1.0,0.0,0.0,2.6,0.31,4.04
2261,141,41,52,176,176,98,5.0,111.12,813.66,3.71,0.48,15.45,7.5,5.03,0.03,0.38,459.31,2.66,46.19,7.66,0.26,0.0,2.82,2.94,7.44
2262,64,7,13,106,106,17,5.0,61.1,442.52,2.29,0.68,8.9,3.93,2.24,0.13,0.33,126.69,2.49,28.4,11.48,0.0,0.0,2.82,1.83,6.87
2263,41,6,8,101,101,21,10.0,24.52,214.0,1.43,0.84,1.64,3.93,3.03,-1.0,0.22,99.17,2.29,5.95,2.39,0.0,0.0,2.29,1.94,7.76
2264,101,39,47,163,163,53,0.0,25.58,220.21,2.18,0.65,2.85,7.5,6.9,0.12,0.23,161.52,3.1,12.18,9.85,0.26,0.0,2.62,2.89,6.67
2265,185,42,56,112,112,65,0.0,75.48,366.42,3.0,0.53,4.54,4.38,1.88,20.7,0.48,146.88,2.5,45.96,46.92,0.35,0.0,2.27,2.11,8.39
2267,74,38,53,141,141,40,10.0,46.9,294.03,1.61,0.66,6.97,5.36,3.59,0.41,0.34,233.58,2.74,29.03,5.4,0.22,0.0,2.48,2.6,7.43
2268,52,27,23,46,46,64,0.0,87.33,387.33,2.8,0.41,5.81,2.08,1.62,0.87,0.5,155.32,1.76,40.0,23.87,0.0,0.07,0.93,1.17,5.96
2269,79,0,27,125,125,34,0.0,37.96,263.38,1.62,0.72,3.24,4.82,4.29,0.0,0.34,152.7,1.83,21.5,14.63,0.0,0.0,2.57,2.26,5.31
2270,4,0,0,8,8,5,0.0,3.75,63.0,1.0,0.38,0.25,0.36,0.18,0.05,0.0,7.84,1.73,-1.0,-1.0,0.0,0.0,0.0,0.29,0.0
2271,155,44,40,167,167,99,5.0,48.16,471.21,3.18,0.59,16.29,7.5,4.2,0.14,0.39,275.88,3.49,95.09,11.67,0.26,0.0,2.79,2.71,7.17
2272,174,44,55,122,122,49,5.0,14.89,201.48,3.0,0.65,5.82,5.71,1.14,0.54,0.24,77.91,3.53,33.31,22.31,0.3,0.0,2.17,2.46,7.44
2273,109,12,24,156,156,49,5.0,9.79,88.25,2.07,0.68,1.24,6.43,1.03,0.07,0.56,67.49,2.65,10.32,7.46,0.0,0.0,2.73,2.49,6.86
2274,82,18,25,76,76,48,5.0,35.73,306.36,2.18,0.48,4.14,2.71,1.63,0.06,0.45,143.59,2.65,23.82,20.22,0.33,0.0,2.25,1.71,6.81
2275,70,34,41,77,77,50,5.0,30.76,261.0,2.37,0.55,6.79,2.5,1.55,0.0,0.63,115.38,3.09,57.42,29.21,0.35,0.0,1.75,1.49,7.15
2277,51,38,34,87,87,53,0.0,116.15,624.12,1.56,0.62,9.0,4.17,3.96,0.01,0.27,247.35,2.67,28.81,6.88,0.31,0.04,1.08,2.09,0.67
2278,8,10,4,31,31,14,0.0,73.5,489.5,1.33,0.07,6.0,0.36,0.36,0.0,0.25,32.12,2.3,7.4,-1.0,0.33,0.83,2.5,0.37,0.13
2279,27,39,25,87,87,9,0.0,26.15,278.79,1.69,0.69,1.93,2.86,2.29,0.06,0.33,55.57,2.44,7.08,7.31,0.64,0.0,3.79,1.11,0.1
2329,55,10,8,161,161,49,10.0,22.48,162.61,1.36,0.84,1.91,7.5,3.98,0.01,0.09,93.6,2.85,2.85,1.52,0.0,0.0,2.41,2.71,7.56
2421,23,41,23,100,100,20,10.0,15.44,143.5,0.88,0.95,3.88,3.21,1.6,-1.0,0.0,51.25,2.19,3.71,-1.0,0.5,0.12,3.56,1.23,6.12
2422,209,42,45,112,112,36,0.0,29.81,245.35,3.77,0.57,4.81,5.0,3.15,0.2,0.74,143.36,2.53,59.96,56.81,0.29,0.0,2.18,1.97,5.49
2423,101,45,50,177,177,61,10.0,69.24,543.03,2.32,0.73,6.09,7.5,5.32,0.21,0.53,364.45,3.37,45.67,7.97,0.26,0.0,2.85,2.77,5.95
2424,52,44,18,84,84,28,5.0,49.67,370.93,1.8,0.58,7.27,2.29,1.53,0.01,0.12,103.16,2.82,28.33,4.07,0.56,0.2,2.94,1.23,8.19
2532,53,39,31,174,174,54,5.0,38.21,292.36,1.24,0.91,5.52,7.5,5.03,0.0,0.21,289.78,1.97,26.19,0.76,0.26,0.06,2.53,2.86,7.54
2533,35,44,21,109,109,24,5.0,17.36,222.86,1.09,0.71,2.81,3.54,3.15,0.04,0.09,108.48,2.74,4.86,0.0,0.39,0.05,2.91,1.83,6.35
2534,29,3,17,66,66,21,5.0,22.96,159.04,1.09,0.88,1.78,3.75,1.73,1.33,0.14,48.56,3.33,4.0,0.0,0.0,0.0,1.09,1.8,7.6
2564,42,31,23,35,35,14,0.0,85.57,416.57,4.0,0.13,4.0,0.8,0.4,0.07,0.33,60.5,2.24,35.29,45.29,0.57,0.71,2.43,0.49,0.06
2587,58,28,16,129,129,35,0.0,14.7,154.85,1.8,0.66,0.35,5.0,2.0,0.03,0.66,51.85,3.86,9.47,17.8,0.24,0.0,3.95,1.6,6.06
1236,70,31,75,180,180,82,3.33,34.73,250.52,1.39,0.81,4.88,7.5,5.32,0.02,0.21,202.87,2.1,12.88,9.69,0.0,0.0,2.91,2.94,6.75
1242,62,66,39,131,131,29,10.0,26.48,321.14,1.41,0.85,6.62,5.0,3.9,0.0,0.27,141.09,2.92,16.39,0.0,0.31,0.0,2.79,2.42,0.0
1267,49,46,66,179,179,47,10.0,19.03,162.36,1.12,1.0,3.03,7.5,6.83,0.02,0.04,131.59,2.51,5.91,0.0,0.25,0.0,2.91,2.94,5.09
1294,122,31,56,132,132,30,10.0,43.81,335.42,2.28,0.59,6.62,4.38,3.2,0.78,0.18,104.53,4.01,12.77,3.2,0.29,0.0,2.89,2.19,1.27
1304,18,0,5,29,29,38,0.0,1.77,43.0,1.29,0.86,0.62,2.5,0.68,0.94,0.0,10.51,3.71,-1.0,-1.0,0.0,0.0,0.23,1.14,0.66
1466,37,35,24,152,152,27,10.0,5.97,84.91,1.0,1.0,1.37,7.5,3.75,1.16,0.0,36.89,3.12,0.0,-1.0,0.14,0.0,2.11,3.0,10.0
1567,17,0,8,58,58,16,3.33,12.73,141.8,1.06,0.72,2.6,2.14,2.14,0.28,0.18,44.55,2.2,3.67,0.0,0.0,0.0,1.8,1.25,1.12
1677,41,67,33,108,108,17,0.0,18.24,130.56,1.25,0.72,1.04,4.29,2.57,-1.0,0.12,75.41,1.66,0.54,3.8,0.29,0.0,2.31,1.89,0.09
1686,1,0,0,6,6,32,0.0,5.5,43.0,0.5,0.5,0.5,0.18,0.09,-1.0,0.0,0.78,3.66,-1.0,-1.0,0.0,0.0,0.0,0.14,0.0
1719,37,15,25,78,78,12,3.33,16.71,167.71,1.15,0.67,2.38,3.27,1.73,0.01,0.38,67.66,2.12,7.86,1.19,0.0,0.0,1.76,1.72,0.28
1766,13,0,8,33,33,41,0.0,7.82,74.0,1.0,1.0,2.64,0.0,0.0,3.55,0.0,9.24,3.9,2.64,-1.0,0.0,0.0,0.6,0.86,0.0
1772,13,0,0,24,24,30,0.0,2.44,59.6,1.11,0.94,0.8,0.0,0.0,3.34,0.0,6.47,3.65,0.0,-1.0,0.0,0.0,1.0,0.78,0.0
1901,148,33,32,172,172,86,10.0,16.71,179.0,3.26,0.5,2.46,6.43,3.79,0.66,0.47,95.93,3.53,17.82,19.39,0.2,0.0,2.83,2.64,2.23
1915,144,48,28,168,168,59,10.0,6.53,168.14,3.0,0.58,1.17,7.5,5.1,0.0,0.16,160.66,2.53,4.21,5.74,0.25,0.0,2.59,2.97,5.37
1921,42,13,28,170,170,45,10.0,3.79,67.24,1.03,0.98,0.82,6.79,1.09,1.43,0.12,37.52,2.19,2.15,0.0,0.0,0.0,2.86,2.86,5.19
1925,24,0,6,49,49,119,0.0,10.15,103.77,1.71,0.8,1.38,0.0,0.0,1.71,0.17,23.08,3.04,3.69,2.31,0.0,0.0,1.64,1.17,0.0
1930,70,39,82,175,175,62,10.0,10.12,127.41,1.68,0.72,1.6,7.5,3.75,0.01,0.27,107.21,1.76,4.21,5.74,0.25,0.0,2.91,2.94,8.47
2192,42,41,19,118,118,38,10.0,32.63,262.34,1.17,0.83,2.83,4.79,3.35,0.01,0.05,118.74,2.71,7.63,0.0,0.29,0.0,2.27,2.39,3.41
2196,104,39,51,175,175,36,3.33,51.97,349.35,2.24,0.65,7.54,7.5,4.65,1.41,0.29,267.66,1.92,30.26,6.74,0.25,0.0,2.94,2.83,0.73
2197,232,44,66,170,170,62,10.0,62.97,657.38,3.94,0.47,15.21,7.5,4.5,0.02,0.24,342.91,3.09,79.52,9.85,0.25,0.0,2.66,2.94,3.74
2198,53,34,89,189,189,127,10.0,27.85,309.94,1.21,0.92,7.09,7.5,4.88,0.03,0.15,214.99,2.62,12.55,0.0,0.22,0.0,3.03,2.92,10.0
2199,63,38,88,185,185,29,10.0,24.61,248.0,1.38,0.88,3.35,7.5,6.83,0.15,0.06,138.43,2.63,4.21,0.0,0.22,0.0,3.33,3.0,7.12
2202,2,14,15,91,91,15,0.0,24.5,251.85,0.0,0.0,4.7,0.0,0.0,0.18,1.0,74.78,2.53,6.56,0.0,0.0,0.0,2.3,1.17,0.0
2203,23,24,14,41,41,13,0.0,13.45,131.08,1.45,0.71,3.45,1.9,1.56,0.0,0.22,46.9,1.67,3.55,1.36,0.33,0.0,1.83,0.94,0.03
2204,61,36,32,110,110,36,5.0,37.0,329.17,1.5,0.72,4.54,3.96,2.57,0.0,0.36,138.81,2.56,13.88,4.28,0.31,0.04,2.2,2.03,0.97
2371,42,34,21,107,107,18,0.0,19.69,158.72,1.38,0.83,2.77,5.36,2.14,0.02,0.12,140.25,2.59,1.04,0.0,0.33,0.0,2.0,2.22,0.64
2376,41,157,132,170,170,55,10.0,52.4,489.77,1.0,1.0,2.35,7.5,5.93,0.0,0.02,224.82,4.19,0.37,-1.0,0.26,0.0,2.83,3.0,3.66
2415,0.0,0,0,2,2,3,0.0,0.5,19.0,0.0,0.0,0.5,0.0,0.0,16.0,1.0,1.39,0.0,-1.0,-1.0,0.0,0.0,0.0,0.11,0.0
2510,61,45,126,181,181,42,10.0,24.34,296.43,1.57,0.81,3.38,7.5,6.98,0.09,0.15,160.22,2.45,5.77,0.88,0.25,0.0,3.17,2.56,5.94
2511,60,72,119,177,177,43,10.0,38.09,339.28,1.41,0.79,7.09,7.14,7.14,0.28,0.22,255.27,3.67,12.91,0.32,0.28,0.06,2.8,2.83,6.45
2554,90,39,21,175,175,44,6.67,26.97,230.52,1.65,0.73,1.94,6.25,5.0,0.01,0.14,185.12,3.13,5.73,3.76,0.26,0.03,2.91,2.67,4.55
2556,16,0,6,28,28,4,0.0,14.33,123.8,0.87,0.95,2.47,2.5,0.72,0.38,0.06,58.18,2.13,5.8,0.0,0.0,0.0,0.27,1.25,0.0
2580,133,21,31,120,120,43,7.77,51.1,395.83,3.1,0.52,8.62,4.17,2.5,0.38,0.31,180.69,3.24,34.66,1.85,0.0,0.0,2.07,2.14,3.1
2581,27,0,0,22,22,4,0.0,24.33,164.67,1.5,0.56,1.17,1.07,0.76,0.0,0.67,28.55,3.67,5.67,4.17,0.0,0.0,1.0,0.56,0.0
2600,52,33,40,73,73,4,0.0,31.31,192.77,1.46,0.67,0.0,2.29,2.13,-1.0,0.52,76.87,1.35,5.85,15.62,0.57,0.0,3.64,1.06,0.12
2616,20,7,15,68,68,6,0.0,21.71,161.0,1.11,0.69,2.59,2.5,2.17,0.0,0.05,32.28,3.86,3.12,-1.0,0.0,0.0,1.82,1.39,0.0
2631,21,0,6,29,29,17,0.0,10.92,78.62,1.31,0.85,0.85,2.5,1.77,-1.0,0.0,31.83,2.22,0.0,-1.0,0.0,0.0,0.23,1.17,0.06
2682,15,0,6,29,29,1,0.0,6.93,62.86,1.0,0.96,1.36,2.5,1.17,-1.0,0.0,36.88,1.95,-1.0,-1.0,0.0,0.0,0.21,1.22,0.0
2779,0.0,0,0,0,0,1,0.0,0.0,0.0,0.0,0.0,0.0,0.0,0.0,-1.0,1.0,0.0,0.0,-1.0,-1.0,0.0,0.0,0.0,0.0,0.03
1062,0.0,0,0,0,0,12,0.0,0.0,0.0,0.0,0.0,0.0,0.0,0.0,-1.0,1.0,0.0,0.0,-1.0,-1.0,0.0,0.0,0.0,0.0,0.0
1231,17,0,6,29,29,2,0.0,3.77,34.23,1.0,1.0,0.21,2.5,0.3,2.58,0.12,7.34,3.45,0.0,0.0,0.0,0.0,0.23,1.17,0.06
1236,44,10,14,107,107,169,0.0,10.54,98.24,1.31,0.88,2.16,5.0,1.9,1.4,0.14,53.32,2.33,3.33,3.85,0.0,0.0,2.19,2.08,0.18
1964,15,0,7,30,30,80,0.0,2.54,29.67,1.0,0.92,1.31,2.5,0.95,6.88,0.07,7.93,2.78,-1.0,-1.0,0.0,0.0,0.31,1.14,0.06
2156,0.0,0,0,0,0,75,0.0,0.0,0.0,0.0,0.0,0.0,0.0,0.0,-1.0,1.0,0.0,0.0,-1.0,-1.0,0.0,0.0,0.0,0.0,0.01
2848,38,56,33,115,115,15,0.0,11.15,104.63,1.14,0.84,1.67,5.36,1.77,0.24,0.08,61.15,2.56,8.64,2.93,0.19,0.0,2.27,2.36,0.36
2849,38,44,29,118,118,3,0.0,8.28,100.64,1.17,0.92,2.6,5.0,2.5,1.05,0.11,49.38,2.11,2.71,0.0,0.35,0.0,2.77,2.14,0.12
2850,72,41,26,102,102,7,0.0,11.19,95.26,2.14,0.61,0.89,5.0,2.5,1.12,0.31,49.39,3.62,7.79,5.93,0.28,0.0,2.1,2.0,0.21
2851,43,49,114,171,171,77,0.0,31.97,378.14,1.03,0.89,6.66,7.5,6.38,0.17,0.02,227.45,2.62,23.0,-1.0,0.28,0.03,2.83,2.72,2.39
2852,58,42,18,162,162,49,10.0,28.32,236.85,1.21,0.91,3.79,7.5,4.72,0.69,0.1,171.46,2.0,3.59,1.57,0.25,0.0,2.67,2.97,9.37
2853,52,39,28,174,175,49,6.67,27.27,268.61,1.26,0.85,4.31,7.5,3.75,0.09,0.17,273.98,2.31,5.91,0.0,0.25,0.0,2.68,2.97,4.37
2854,61,21,87,175,175,30,6.67,18.62,204.82,1.39,0.82,4.12,7.14,4.0,0.18,0.25,114.18,2.77,16.62,4.55,0.0,0.0,3.23,2.89,2.17
2855,89,40,150,159,159,45,10.0,57.19,401.88,1.76,0.71,6.0,7.32,5.34,0.92,0.21,230.53,2.67,33.38,9.46,0.28,0.0,2.64,2.97,5.0
2856,62,39,18,161,162,36,10.0,27.86,271.57,1.47,0.78,6.11,7.5,5.17,0.07,0.1,166.33,2.58,15.74,0.0,0.25,0.0,2.51,2.97,7.49
2857,38,24,20,65,65,23,0.0,31.79,334.75,1.25,0.81,6.7,3.54,2.44,1.35,0.37,99.87,2.83,56.0,2.5,0.0,0.0,1.0,1.67,0.87
2858,53,32,21,102,102,25,0.0,26.32,265.13,1.55,0.73,3.91,4.58,1.97,0.74,0.28,129.04,2.54,11.86,7.78,0.33,0.0,2.21,2.0,6.83
2859,64,39,80,179,179,48,10.0,14.26,194.56,1.2,0.97,3.88,7.5,4.35,0.31,0.44,221.09,1.68,18.89,2.0,0.28,0.0,2.91,2.97,3.54
2860,32,30,36,92,92,7,0.0,16.57,169.27,1.23,0.72,2.2,3.75,2.25,0.08,0.16,77.2,2.54,8.29,2.62,0.26,0.0,1.95,1.83,0.18
2861,55,28,36,125,125,11,0.0,23.64,146.38,1.75,0.73,3.89,5.71,3.83,2.56,0.42,101.07,2.39,14.5,13.93,0.21,0.0,1.82,2.28,0.18
2862,75,39,37,108,108,27,0.0,47.32,287.08,2.08,0.68,3.44,4.94,3.31,0.56,0.25,234.7,1.91,12.92,6.2,0.37,0.0,2.15,2.03,0.23
2863,57,40,58,120,120,15,10.0,39.0,355.11,1.48,0.84,0.85,5.0,2.5,0.51,0.35,210.54,3.72,5.11,5.93,0.3,0.0,2.07,2.44,0.57
2864,54,44,76,181,181,99,10.0,24.24,283.35,1.29,0.91,2.26,7.5,7.5,2.09,0.06,135.1,3.25,0.23,0.0,0.22,0.0,3.14,2.89,8.08
2865,25,13,19,70,72,17,0.0,11.14,86.95,0.95,0.6,2.18,3.27,3.27,0.97,0.08,61.38,1.61,4.64,0.0,0.0,0.0,1.36,1.75,0.11
2866,44,24,80,189,189,25,10.0,21.7,223.97,1.09,1.0,2.26,7.5,3.75,0.09,0.18,161.01,2.78,5.91,0.43,0.0,0.0,3.23,2.72,0.92
2867,6,0,0,11,11,21,0.0,5.83,58.33,1.0,1.0,2.5,1.07,0.61,-1.0,0.0,29.15,1.49,-1.0,-1.0,0.0,0.0,0.0,0.53,0.06
2891,2,0,0,13,13,3,0.0,32.5,267.0,0.5,0.0,5.0,0.0,0.0,0.64,0.0,19.39,1.46,5.5,-1.0,0.25,0.0,1.25,0.22,0.0
1268,38,39,32,151,151,14,0.0,14.83,154.54,1.12,0.94,2.62,6.25,4.69,0.06,0.18,108.61,2.11,3.25,2.08,0.35,0.0,4.17,2.23,2.39
1487,11,35,14,53,53,108,0.0,19.5,171.7,0.89,0.68,1.56,1.67,0.83,0.09,0.27,32.98,2.86,5.78,2.78,0.7,0.0,3.5,0.63,0.09
1555,66,34,44,132,132,106,5.0,31.35,235.74,1.77,0.69,2.35,5.36,3.43,0.06,0.2,127.56,2.4,6.26,2.28,0.29,0.0,2.66,2.54,0.42
1567,11,0,3,12,12,43,10.0,105.0,852.5,5.5,0.55,18.5,0.0,0.0,0.03,0.45,0.0,0.0,97.0,22.5,0.0,0.0,0.0,0.17,1.3
1931,0.0,0,0,0,0,129,0.0,0.0,0.0,0.0,0.0,0.0,0.0,0.0,-1.0,1.0,0.0,0.0,-1.0,-1.0,0.0,0.0,0.0,0.0,0.0
2155,12,0,0,32,32,114,0.0,0.0,9.18,0.0,0.0,0.0,0.0,0.0,112.18,0.0,1.54,0.0,-1.0,-1.0,0.0,0.0,0.83,1.03,0.0
2225,42,39,22,100,100,195,0.0,17.0,124.72,1.25,0.9,1.33,0.0,0.0,1.38,0.14,40.94,3.53,2.4,1.2,0.35,0.0,1.84,1.77,0.0
2535,58,47,87,170,170,61,10.0,28.34,314.55,1.24,0.91,3.62,7.5,6.38,0.2,0.1,123.34,3.36,4.74,0.0,0.26,0.0,2.82,2.74,10.0
2546,1,0,2,13,13,16,0.0,113.5,714.0,0.5,0.5,11.0,0.36,0.36,0.02,0.0,33.27,3.66,94.0,-1.0,0.5,1.5,3.5,0.14,0.03
2553,2,0,0,6,6,11,0.0,16.5,165.5,0.0,0.0,4.5,0.36,0.18,-1.0,0.0,4.67,2.61,-1.0,-1.0,0.0,0.0,0.0,0.17,0.0
2554,58,51,27,168,168,142,10.0,22.61,225.32,1.48,0.78,2.58,7.29,4.16,1.21,0.17,138.93,3.73,7.03,0.91,0.27,0.0,2.86,2.77,6.68
2763,1,0,2,10,10,58,0.0,7.0,158.0,0.5,0.5,0.0,0.0,0.0,-1.0,0.0,2.99,2.97,-1.0,-1.0,0.0,0.5,2.5,0.14,0.0
2806,46,51,58,166,166,44,5.0,34.94,378.94,1.18,0.91,4.88,7.5,4.35,0.01,0.09,250.76,2.72,21.62,0.0,0.26,0.0,2.61,2.97,8.52
2807,85,53,85,159,159,44,10.0,44.97,385.94,2.0,0.69,6.42,7.5,4.5,0.14,0.2,172.84,2.85,21.73,2.06,0.26,0.0,2.69,2.74,8.76
2808,54,39,74,162,162,42,10.0,28.45,279.97,1.18,0.91,3.34,7.5,3.0,0.0,0.06,118.38,3.52,4.29,0.0,0.26,0.0,2.76,2.54,8.17
2809,50,57,57,119,119,55,10.0,18.41,192.5,1.26,0.94,2.29,5.36,3.59,0.02,0.14,120.46,2.84,3.57,0.0,0.31,0.07,2.17,2.17,1.73
2810,72,14,69,162,162,36,0.0,40.28,370.47,1.64,0.74,4.81,7.5,5.25,0.05,0.12,197.24,2.67,12.53,0.78,0.0,0.0,2.51,2.71,0.64
2811,49,47,45,150,150,57,10.0,30.15,244.03,1.26,0.84,2.0,7.5,6.38,0.15,0.22,121.62,3.51,9.67,2.76,0.26,0.0,2.56,2.8,4.97
2812,76,72,124,158,158,64,10.0,32.41,324.85,1.85,0.68,4.91,7.5,6.3,0.0,0.14,181.96,2.49,14.68,0.03,0.26,0.0,2.62,2.69,8.18
2813,96,39,70,155,155,84,5.0,55.88,425.27,2.15,0.71,6.76,7.5,5.55,0.02,0.22,454.01,1.74,32.29,3.09,0.29,0.0,2.15,2.97,7.78
2814,60,39,71,166,166,72,10.0,21.22,288.67,1.28,0.89,6.94,7.5,6.0,2.15,0.17,220.36,2.75,29.61,5.61,0.26,0.03,2.74,2.94,8.18
2815,80,24,17,159,159,84,10.0,28.94,251.64,1.59,0.75,5.24,7.5,7.5,0.53,0.15,113.35,4.25,14.21,2.21,0.0,0.0,2.56,2.97,10.0
2816,41,14,14,113,113,30,5.0,33.58,237.04,1.0,1.0,5.27,5.0,2.15,0.28,0.34,132.72,2.74,17.62,0.0,0.0,0.0,2.32,2.37,6.1
2817,35,10,51,157,157,34,10.0,7.91,127.65,0.0,0.0,1.28,7.5,2.48,0.11,0.0,60.92,3.06,-1.0,-1.0,0.09,0.0,2.2,3.0,10.0
2818,49,42,82,158,158,29,10.0,56.76,411.35,1.22,0.86,4.06,7.5,5.85,0.0,0.12,117.33,6.33,6.03,0.0,0.26,0.0,2.69,2.91,5.01
2819,41,48,26,161,161,37,10.0,12.65,178.81,1.0,1.0,1.72,7.5,5.47,0.0,0.12,77.24,4.08,0.0,-1.0,0.26,0.0,2.63,2.34,10.0
2820,53,42,40,157,158,55,0.0,72.24,502.44,1.25,0.8,5.38,7.5,5.7,0.06,0.19,332.73,2.41,15.79,1.47,0.26,0.0,2.71,2.89,5.15
2821,45,40,52,165,165,69,10.0,33.59,286.97,1.09,0.95,3.94,7.5,5.93,0.01,0.02,177.94,3.2,0.81,-1.0,0.0,0.0,2.59,2.91,8.59
2822,35,51,53,165,165,49,10.0,13.82,209.68,0.0,0.0,3.06,7.5,4.58,0.01,0.0,82.91,3.09,0.24,-1.0,0.26,0.0,2.74,2.97,10.0
2823,46,39,32,154,154,35,10.0,13.3,81.47,1.12,0.97,3.09,7.5,2.33,0.02,0.09,43.79,3.16,6.65,0.0,0.26,0.0,2.47,2.83,8.17
2824,60,22,34,74,74,33,0.0,27.65,186.25,2.05,0.56,6.95,3.54,3.19,1.47,0.35,93.04,2.65,15.9,1.25,0.0,0.0,1.82,1.57,5.27
2825,44,56,53,157,157,35,10.0,18.97,201.32,1.12,0.94,3.0,7.5,4.88,0.02,0.09,110.6,2.57,3.73,-1.0,0.29,0.0,2.69,2.54,8.29
2826,61,39,33,161,161,48,10.0,19.15,173.97,1.56,0.81,2.97,7.5,6.0,0.04,0.23,168.91,2.59,0.79,0.0,0.26,0.0,2.48,2.77,9.39
2827,54,46,54,159,159,88,10.0,26.42,239.3,1.29,0.98,6.56,7.5,4.27,0.64,0.17,165.22,3.13,12.09,2.27,0.23,0.0,2.71,2.86,8.48
2828,65,20,49,158,158,49,5.0,63.27,379.75,1.5,0.75,5.24,7.5,5.62,0.0,0.17,233.12,2.08,15.94,2.91,0.0,0.0,2.62,2.66,5.25
2829,61,44,36,160,160,58,10.0,34.47,319.03,1.44,0.92,5.53,7.5,4.42,0.0,0.11,265.43,2.76,22.03,0.0,0.26,0.0,2.71,2.74,4.09
2872,0.0,0,0,0,0,56,0.0,0.0,0.0,0.0,0.0,0.0,0.0,0.0,-1.0,1.0,0.0,0.0,-1.0,-1.0,0.0,0.0,0.0,0.0,0.0
2874,58,112,85,174,174,30,0.0,15.16,295.75,1.31,0.91,2.83,7.29,7.29,0.48,0.03,159.78,2.32,0.0,-1.0,0.28,0.0,2.88,2.8,8.22
2875,62,39,53,164,164,50,10.0,40.03,294.3,1.32,0.97,5.82,7.5,5.1,0.02,0.11,200.39,3.14,16.44,0.0,0.26,0.0,2.62,2.97,8.79
2878,76,46,81,187,187,38,10.0,37.53,293.52,1.58,0.84,6.12,7.5,7.5,0.08,0.18,214.8,3.2,14.5,1.55,0.26,0.0,3.24,2.77,5.25
2879,0.0,0,0,0,0,40,0.0,0.0,0.0,0.0,0.0,0.0,0.0,0.0,-1.0,1.0,0.0,0.0,-1.0,-1.0,0.0,0.0,0.0,0.0,0.0
2880,75,36,36,186,186,39,0.0,26.0,249.94,1.58,0.79,6.27,7.5,7.5,0.66,0.16,234.35,2.38,11.26,0.45,0.26,0.0,3.51,2.89,0.71
2881,127,39,40,167,167,68,10.0,35.97,355.85,1.88,0.88,4.58,7.5,6.9,0.62,0.25,207.86,3.23,21.38,11.06,0.29,0.0,2.73,2.77,8.79
2882,47,33,49,105,105,28,10.0,39.62,252.35,1.67,0.75,8.74,4.17,4.17,0.43,0.21,110.29,3.41,36.09,0.62,0.28,0.0,2.12,2.03,4.16
2914,18,0,5,38,38,2,0.0,0.23,10.92,1.0,1.0,0.0,2.5,0.0,78.43,0.22,2.06,0.0,1.0,1.92,0.0,0.0,0.85,1.2,0.0
2915,0.0,0,0,6,6,3,0.0,25.5,112.5,0.0,0.0,2.5,0.0,0.0,18.5,1.0,3.04,0.0,-1.0,-1.0,0.0,0.0,0.0,0.11,0.0
2922,75,48,22,188,188,35,10.0,29.41,283.18,1.35,0.89,3.59,7.5,6.6,0.02,0.11,189.53,2.06,4.52,0.0,0.3,0.0,3.23,2.71,2.07
2937,46,115,91,181,181,22,5.0,18.12,272.41,1.03,0.97,4.74,7.5,7.5,1.86,0.15,175.13,3.12,4.06,0.0,0.24,0.72,1.94,2.94,0.36
2938,30,0,6,27,27,5,0.0,18.87,140.13,1.88,0.64,6.0,2.5,1.42,0.6,0.23,52.18,2.5,10.13,1.0,0.0,0.0,0.0,1.26,0.0
2939,56,13,37,108,107,19,0.0,30.79,275.21,1.67,0.62,5.17,5.0,3.1,1.08,0.27,106.35,3.81,18.5,4.55,0.04,0.0,2.33,2.0,0.43
2960,42,66,93,184,184,19,10.0,27.79,248.71,1.06,1.0,1.0,7.5,5.47,0.33,0.02,99.82,4.47,0.0,0.0,0.29,0.0,3.06,2.94,4.88
2962,0.0,0,3,5,5,13,0.0,0.0,0.0,0.0,0.0,0.0,0.0,0.0,-1.0,1.0,0.0,0.0,-1.0,-1.0,0.0,0.0,0.0,0.06,0.0
2999,0.0,0,0,1,1,0,0.0,0.0,0.0,0.0,0.0,0.0,0.0,0.0,-1.0,1.0,0.28,0.0,-1.0,-1.0,0.0,0.0,0.0,0.06,0.0
1379,3,0,2,11,11,37,0.0,4.0,74.0,0.0,0.0,1.33,0.71,0.35,25.67,0.0,1.61,6.53,4.33,-1.0,0.0,0.0,1.33,0.25,0.04
1604,38,10,13,45,45,1,0.0,10.27,100.25,1.62,0.63,1.94,2.71,1.82,0.01,0.08,43.83,2.05,0.81,0.0,0.0,0.0,0.81,1.28,0.01
1683,3,0,0,10,10,65,0.0,3.75,48.0,0.75,0.75,2.0,0.54,0.27,1.88,0.0,2.73,3.12,-1.0,-1.0,0.5,0.0,0.25,0.28,0.08
1900,73,21,34,116,116,20,0.0,43.56,217.25,1.54,0.63,0.07,4.38,2.93,0.05,0.32,143.22,1.35,1.86,7.68,0.11,0.0,2.11,2.22,0.06
2095,0.0,0,0,0,0,248,0.0,0.0,0.0,0.0,0.0,0.0,0.0,0.0,-1.0,1.0,0.0,0.0,-1.0,-1.0,0.0,0.0,0.0,0.0,0.0
2155,86,43,22,174,174,120,6.67,26.14,245.26,1.89,0.83,4.2,7.5,5.62,34.93,0.24,132.9,3.17,12.31,1.91,0.25,0.0,2.8,2.94,1.44
2170,47,41,44,114,114,26,10.0,10.08,117.29,1.46,0.83,1.12,4.38,3.07,1.89,0.43,46.24,3.08,7.83,4.65,0.31,0.0,2.58,2.08,2.05
2175,60,39,35,158,158,76,10.0,22.58,159.22,1.22,0.93,1.63,6.07,4.19,1.15,0.17,117.45,2.14,2.44,0.0,0.24,0.0,2.76,2.78,5.14
2495,66,44,50,187,187,83,10.0,17.44,251.26,1.44,0.79,4.23,6.79,5.84,0.04,0.09,180.29,2.37,3.43,0.71,0.25,0.0,3.0,2.94,3.49
2596,0.0,0,0,0,0,229,0.0,0.0,0.0,0.0,0.0,0.0,0.0,0.0,-1.0,1.0,0.0,0.0,-1.0,-1.0,0.0,0.0,0.0,0.0,0.05
2597,50,46,78,187,187,94,10.0,23.82,231.03,1.24,0.88,4.41,7.5,5.62,0.01,0.08,177.87,2.09,13.65,0.43,0.25,0.0,3.2,2.97,5.0
2763,47,0,27,97,97,67,0.0,12.0,206.0,1.6,0.77,2.21,2.5,1.38,0.87,0.21,53.87,4.44,7.26,2.11,0.0,0.0,1.7,1.42,0.06
2764,0.0,0,0,1,1,22,0.0,0.0,0.0,0.0,0.0,0.0,0.0,0.0,-1.0,1.0,0.16,5.76,-1.0,-1.0,0.0,0.0,0.0,0.06,0.0
2811,0.0,0,10,17,17,65,0.0,9.5,55.5,0.0,0.0,1.5,0.0,0.0,-1.0,1.0,2.41,4.76,4.0,-1.0,0.0,1.0,6.5,0.11,0.0
2830,41,39,92,162,162,45,10.0,17.85,249.26,1.0,1.0,2.59,7.5,3.75,0.12,0.12,108.35,3.85,2.85,0.43,0.25,0.0,2.72,2.83,10.0
2831,57,50,85,169,169,56,6.67,29.11,298.71,1.26,0.94,5.91,7.5,5.32,0.08,0.23,145.93,2.77,53.24,0.0,0.25,0.03,2.43,2.94,1.92
2832,83,54,81,168,168,44,10.0,30.62,314.06,1.91,0.7,6.89,7.5,6.15,0.16,0.17,172.95,2.33,24.85,5.2,0.25,0.0,2.6,2.92,3.74
2833,68,36,78,174,174,68,10.0,24.58,307.88,1.24,0.94,4.44,7.5,6.75,0.05,0.15,222.91,2.88,10.26,0.43,0.23,0.03,2.56,2.97,10.0
2834,44,45,75,168,168,168,10.0,10.91,170.03,1.06,1.0,2.61,7.5,4.8,-1.0,0.02,117.06,2.29,2.09,0.0,0.25,0.0,2.92,2.94,8.0
2835,8,0,0,8,8,17,0.0,6.25,74.5,2.0,0.8,1.25,0.71,0.18,-1.0,0.0,8.66,1.2,-1.0,-1.0,0.0,0.0,0.0,0.33,0.0
2836,89,50,16,145,145,38,10.0,25.0,259.94,2.0,0.62,2.07,5.36,4.34,0.01,0.35,160.25,3.25,8.23,11.52,0.25,0.0,2.1,2.58,8.09
2837,50,39,37,136,136,22,10.0,30.8,276.7,1.37,0.83,3.97,6.07,4.13,0.0,0.2,132.06,2.69,14.3,0.87,0.28,0.03,2.34,2.58,1.16
2872,59,39,25,187,187,64,10.0,27.32,251.85,1.35,0.8,7.5,7.5,5.93,0.13,0.17,170.89,3.57,28.82,0.0,0.26,0.76,2.03,2.97,9.97
2876,53,44,70,162,162,9,6.67,32.58,258.5,1.32,0.84,3.68,7.5,5.03,0.05,0.13,158.11,1.72,24.43,0.44,0.25,0.0,2.72,2.97,0.41
2879,52,46,86,191,191,43,10.0,13.69,159.2,1.11,0.94,2.79,7.5,7.5,0.54,0.04,157.31,2.25,6.15,-1.0,0.26,0.0,3.39,2.83,9.4
2918,59,26,23,111,111,33,0.0,7.57,173.17,1.96,0.72,4.09,5.83,4.37,0.09,0.22,154.64,2.3,4.05,3.74,0.12,0.0,2.68,1.75,6.25
2919,11,0,0,7,7,1,0.0,22.5,184.0,5.5,0.31,4.0,0.36,0.36,0.16,0.36,4.94,2.03,32.5,30.0,0.0,0.0,0.5,0.17,0.0
2920,17,26,7,64,64,5,0.0,35.77,267.54,1.0,1.0,4.07,2.98,2.98,-1.0,0.0,88.9,2.74,16.43,-1.0,0.21,0.0,2.71,1.17,0.04
2921,39,27,21,114,114,16,0.0,30.35,207.38,1.22,0.91,2.52,5.83,3.91,0.04,0.15,211.09,2.22,9.22,0.0,0.0,0.0,2.42,2.08,0.12
2923,37,10,15,109,109,8,0.0,33.46,360.07,1.08,0.69,3.31,5.42,4.28,0.0,0.05,113.52,2.06,9.96,-1.0,0.0,0.0,2.42,1.94,0.08
2934,25,17,6,53,53,30,0.0,36.89,200.83,0.79,0.55,4.21,2.14,2.14,1.06,0.16,85.66,2.11,23.37,-1.0,0.0,0.05,1.79,1.31,0.0
2936,42,0,6,78,78,36,0.0,13.15,124.1,1.5,0.84,2.48,5.0,3.1,0.01,0.12,65.99,2.65,1.95,0.58,0.0,0.0,1.32,1.75,2.01
2958,15,0,6,37,37,12,0.0,6.73,63.09,1.0,0.89,1.27,1.96,1.22,2.9,0.2,18.73,3.14,0.0,0.0,0.0,0.0,1.25,0.92,0.05
2959,10,0,0,21,21,2,0.0,7.67,71.83,1.17,0.83,2.71,1.25,0.54,0.0,0.1,9.04,2.73,0.0,0.0,0.0,0.0,1.43,0.58,0.0
2961,42,7,14,50,50,11,0.0,27.95,229.67,1.22,0.52,4.95,2.86,1.14,0.01,0.14,98.32,2.56,5.53,0.0,0.0,0.0,0.94,1.47,0.3
2962,90,41,66,164,164,21,0.0,41.07,295.52,2.27,0.6,7.21,6.04,3.02,1.06,0.31,221.77,2.71,32.38,5.9,0.0,0.59,2.0,2.42,0.93
2963,0.0,0,0,0,0,7,0.0,0.0,0.0,0.0,0.0,0.0,0.0,0.0,-1.0,1.0,0.0,0.0,-1.0,-1.0,0.0,0.0,0.0,0.0,0.86
2975,24,0,7,54,54,27,0.0,12.67,143.62,1.2,0.96,2.13,3.21,2.41,-1.0,0.25,44.44,2.58,0.0,-1.0,0.0,0.0,1.07,1.14,2.82
2976,0.0,0,0,0,0,7,0.0,0.0,0.0,0.0,0.0,0.0,0.0,0.0,-1.0,1.0,0.0,0.0,-1.0,-1.0,0.0,0.0,0.0,0.0,0.0
1261,42,39,61,135,135,20,0.0,11.07,140.22,1.16,0.85,0.96,6.67,6.07,1.24,0.17,44.86,3.14,3.19,1.15,0.33,0.0,2.67,2.75,5.0
1570,64,28,26,95,95,12,0.0,16.59,147.82,1.91,0.72,1.36,6.11,2.02,0.08,0.48,95.07,2.83,15.77,21.0,0.27,0.0,1.19,2.57,0.13
1770,36,0,14,70,70,344,0.0,9.45,78.84,1.37,0.77,1.21,0.0,0.0,4.37,0.31,28.98,3.49,3.95,1.58,0.0,0.0,1.0,1.82,0.0
1992,0.0,0,0,1,1,45,0.0,0.0,0.0,0.0,0.0,0.0,0.0,0.0,-1.0,1.0,0.0,0.0,-1.0,-1.0,0.0,0.0,0.0,0.07,0.0
2008,42,33,76,138,138,108,10.0,8.6,150.41,1.12,0.94,1.58,6.67,5.94,1.35,0.07,53.42,2.89,0.0,0.0,0.26,0.0,2.89,2.96,7.62
2010,33,39,49,126,126,50,0.0,5.52,68.73,1.04,1.0,1.33,0.0,0.0,0.98,0.06,43.21,3.18,0.0,0.0,0.32,0.0,2.44,3.0,0.0
2012,287,45,75,141,141,53,5.0,70.19,668.62,8.81,0.37,8.11,6.67,4.47,3.48,0.65,512.78,2.41,107.63,120.19,0.32,0.0,2.96,2.96,1.12
2014,41,41,50,113,113,14,10.0,18.59,172.85,1.07,1.0,2.56,6.67,3.33,0.01,0.07,111.53,2.4,1.37,-1.0,0.29,0.0,2.18,2.86,1.04
2015,0.0,11,8,12,12,1,0.0,41.0,322.5,0.0,0.0,2.5,0.0,0.0,-1.0,1.0,8.54,6.77,6.5,-1.0,0.0,0.5,4.5,0.14,0.0
2135,47,41,28,134,134,42,5.0,35.69,214.62,1.56,0.77,2.93,6.67,4.0,1.25,0.17,148.19,2.27,8.96,3.15,0.25,0.0,2.81,2.89,1.16
2225,17,0,6,29,29,195,0.0,2.17,30.38,1.08,1.0,0.0,0.0,0.0,2.8,0.06,6.56,3.26,-1.0,1.15,0.0,0.0,0.23,1.18,0.0
2527,45,47,28,112,112,29,0.0,20.48,141.54,1.52,0.78,1.96,6.67,3.33,0.78,0.22,73.94,4.2,10.56,3.96,0.35,0.0,2.32,2.75,0.13
2844,14,7,10,42,42,29,0.0,10.36,51.62,1.0,1.0,1.86,0.0,0.0,3.33,0.0,22.38,2.69,0.0,-1.0,0.07,0.07,0.71,1.57,0.0
2845,54,33,32,102,102,10,0.0,22.16,175.32,1.75,0.65,2.84,6.11,3.06,0.87,0.33,115.17,1.82,9.92,3.74,0.27,0.0,1.58,2.71,0.12
2846,39,10,17,50,50,16,0.0,48.75,303.44,1.94,0.67,6.31,3.89,3.89,3.48,0.08,121.6,1.77,17.0,-1.0,0.0,0.0,0.88,1.75,0.04
2887,61,10,12,56,56,21,0.0,35.35,167.75,2.94,0.57,3.0,3.89,3.11,0.69,0.33,112.55,3.01,12.94,20.29,0.0,0.0,1.29,1.86,0.04
2888,86,56,48,117,117,41,5.0,40.62,416.31,1.96,0.74,7.22,6.67,4.6,0.06,0.23,188.09,3.17,8.92,3.52,0.33,0.11,2.43,2.89,3.05
2889,51,51,61,120,120,32,10.0,61.23,368.81,1.38,0.89,8.56,6.67,3.33,0.06,0.35,128.87,3.98,39.92,0.0,0.3,0.11,2.25,2.79,6.08
2890,42,7,20,52,52,12,0.0,9.5,215.86,1.57,0.8,7.79,3.33,2.86,0.07,0.31,98.64,2.22,2.0,0.0,0.0,0.07,1.5,1.57,0.0
2927,34,45,52,124,124,12,10.0,14.67,168.35,1.04,1.0,1.67,6.67,5.74,0.6,0.18,82.37,2.69,0.78,0.04,0.32,0.0,2.19,2.96,0.85
2928,48,39,52,110,110,13,10.0,5.72,121.77,1.24,0.91,1.63,6.39,2.68,1.58,0.27,54.32,3.19,11.85,0.58,0.32,0.0,2.04,2.46,1.5
2929,29,38,31,130,130,19,10.0,14.22,134.85,1.0,1.0,2.12,6.67,5.87,1.32,0.03,111.83,2.21,6.63,-1.0,0.32,0.0,2.5,2.86,6.15
2932,32,60,49,135,135,19,10.0,30.08,319.11,1.04,1.0,7.85,6.67,6.67,0.84,0.06,138.26,2.52,30.48,-1.0,0.32,0.0,2.68,2.89,1.96
2933,98,10,14,54,54,16,0.0,30.81,227.81,3.94,0.49,2.81,3.61,1.8,0.39,0.73,100.82,1.83,63.5,63.06,0.0,0.0,1.38,1.71,0.03
2947,29,7,9,57,57,3,0.0,23.19,169.5,1.44,0.67,2.47,3.61,3.21,1.7,0.31,61.52,2.42,7.25,1.88,0.0,0.0,1.56,1.71,0.0
2948,93,18,34,99,99,8,0.0,79.12,472.23,2.85,0.47,14.74,6.11,3.91,0.06,0.25,137.29,4.36,41.54,1.73,0.07,0.0,1.89,2.79,0.0
2949,38,15,30,92,92,7,0.0,39.28,185.0,1.24,0.88,5.36,6.11,2.02,0.01,0.32,44.43,4.07,18.28,0.0,0.0,0.0,1.81,2.68,0.07
2950,32,46,56,118,118,7,10.0,11.88,135.7,1.0,1.0,3.37,6.67,1.67,0.02,0.0,45.19,3.23,6.19,-1.0,0.32,0.0,2.19,3.0,1.46
2951,31,42,24,107,107,11,10.0,7.92,107.76,1.0,1.0,1.42,6.67,3.94,0.05,0.03,57.73,2.35,0.0,-1.0,0.29,0.0,1.48,2.93,1.04
2952,34,39,41,123,123,78,10.0,21.68,223.74,1.11,1.0,2.77,6.67,3.87,0.0,0.12,119.7,2.37,1.16,0.0,0.32,0.0,2.37,3.0,8.68
2953,43,27,28,104,104,9,0.0,43.29,270.46,1.17,0.83,4.68,6.11,3.06,0.05,0.12,124.66,2.03,25.4,0.0,0.0,0.0,1.76,2.71,0.13
2954,37,42,58,131,131,30,5.0,24.73,248.07,1.08,0.91,4.64,6.67,5.4,0.02,0.16,104.39,2.52,19.77,0.96,0.32,0.0,3.11,2.89,3.72
2955,85,42,25,124,124,42,5.0,61.96,345.19,2.08,0.7,9.52,6.67,4.34,0.05,0.31,212.63,1.93,39.08,8.48,0.32,0.0,2.33,2.96,2.56
2957,72,22,24,86,86,7,0.0,13.78,211.0,2.0,0.63,3.33,5.0,1.65,1.56,0.5,129.77,3.48,14.3,6.58,0.25,0.0,1.22,2.46,0.04
2968,54,7,9,35,35,14,0.0,24.07,117.86,2.86,0.63,1.79,3.33,0.0,0.79,0.43,41.83,2.63,10.14,19.57,0.0,0.0,0.36,1.43,0.07
2969,44,35,33,106,106,11,0.0,19.2,152.92,1.26,0.9,2.0,6.67,3.94,0.01,0.34,71.24,3.27,4.65,4.52,0.21,0.0,1.65,2.71,0.59
2970,23,0,6,29,29,1,0.0,10.54,88.38,1.23,0.91,4.92,3.33,0.67,0.05,0.09,34.29,1.79,5.62,-1.0,0.0,0.0,0.23,1.43,0.0
2971,42,0,7,34,34,12,0.0,13.6,107.14,2.14,0.51,3.33,3.33,0.0,0.41,0.29,26.56,1.52,14.13,7.4,0.0,0.07,0.53,1.29,0.09
2972,16,11,9,36,36,1,0.0,12.36,147.47,1.0,0.93,3.0,3.33,1.43,1.27,0.0,31.76,5.92,0.57,-1.0,0.0,0.0,0.36,1.57,0.0
2978,21,0,6,36,36,16,0.0,8.23,70.54,1.31,0.87,3.69,3.33,1.5,0.0,0.05,18.39,2.47,0.0,-1.0,0.0,0.0,0.86,1.46,1.0
2979,0.0,0,0,0,0,4,0.0,0.0,0.0,0.0,0.0,0.0,0.0,0.0,-1.0,1.0,0.0,0.0,-1.0,-1.0,0.0,0.0,0.0,0.0,0.95
3000,18,0,6,30,30,2,0.0,6.75,89.77,1.15,0.92,1.85,3.33,3.33,0.54,0.06,34.19,2.1,1.62,0.0,0.0,0.0,0.29,1.5,0.0
3001,29,0,7,29,29,1,0.0,8.86,72.31,1.62,0.76,1.62,3.33,1.67,0.22,0.07,37.09,2.96,2.62,0.0,0.0,0.0,0.23,1.5,0.0
3022,0.0,0,0,0,0,1,0.0,0.0,0.0,0.0,0.0,0.0,0.0,0.0,-1.0,1.0,0.0,0.0,-1.0,-1.0,0.0,0.0,0.0,0.0,0.0
1062,3,0,0,2,2,12,0.0,9.0,120.0,1.5,0.75,1.0,0.36,0.18,-1.0,0.33,1.96,6.42,6.5,18.0,0.0,0.0,0.0,0.17,0.02
1064,1,0,0,7,7,9,0.0,0.0,33.4,0.0,0.0,0.0,0.18,0.0,8.4,0.0,13.09,4.94,-1.0,-1.0,0.0,0.0,0.0,0.31,0.01
1294,121,0,72,154,154,88,10.0,27.53,248.5,3.0,0.49,3.03,5.36,5.36,1.01,0.21,109.02,4.32,5.5,8.26,0.0,0.03,2.94,2.31,6.57
1462,29,38,45,113,113,50,3.33,19.41,194.12,1.29,0.57,4.24,2.44,1.22,0.17,0.17,27.76,3.68,11.29,0.88,0.5,0.0,3.71,1.36,0.89
1613,18,13,13,33,33,18,3.33,184.67,933.56,1.0,0.24,5.33,0.36,0.24,0.0,0.61,39.66,5.42,10.12,0.0,0.0,0.0,3.22,0.53,0.52
1718,11,0,6,31,31,5,0.0,21.83,178.46,1.0,0.69,2.75,1.61,0.47,0.07,0.18,28.2,3.5,7.92,0.0,0.0,0.0,0.0,0.94,0.07
1860,9,1,2,13,12,260,0.0,22.5,261.0,4.5,0.0,2.5,0.0,0.0,8.52,0.78,4.92,14.08,17.5,7.5,0.5,0.0,3.0,0.11,0.0
1992,0.0,0,0,0,0,43,0.0,0.0,0.0,0.0,0.0,0.0,0.0,0.0,-1.0,1.0,0.0,0.0,-1.0,-1.0,0.0,0.0,0.0,0.0,0.0
2125,80,41,18,114,114,275,0.0,17.64,179.69,2.58,0.59,3.33,5.15,3.45,1.29,0.44,91.43,3.15,19.81,16.62,0.26,0.0,2.52,2.14,0.33
2225,31,35,24,73,73,196,0.0,7.3,81.29,1.25,0.89,0.22,3.96,2.42,0.0,0.03,17.25,3.91,-1.0,0.0,0.29,0.0,1.16,1.33,0.18
2306,0.0,0,0,0,0,252,0.0,0.0,0.0,0.0,0.0,0.0,0.0,0.0,-1.0,1.0,0.0,0.0,-1.0,-1.0,0.0,0.0,0.0,0.0,0.0
2389,3,0,12,25,25,130,10.0,39.67,390.67,0.0,0.0,1.33,0.0,0.0,-1.0,0.0,0.0,0.0,-1.0,-1.0,0.0,0.0,0.0,0.25,9.41
2404,47,39,28,169,169,157,10.0,13.09,155.09,1.03,0.98,1.88,7.5,4.27,0.02,0.09,96.79,3.48,0.39,0.0,0.25,0.0,2.71,2.72,8.81
2406,18,13,10,41,41,39,0.0,6.88,51.19,1.0,0.69,1.53,2.5,1.07,0.28,0.06,35.83,1.73,0.0,-1.0,0.0,0.0,0.59,1.39,0.13
2409,52,41,92,181,181,102,10.0,43.71,329.61,1.24,0.91,4.15,6.43,6.43,1.12,0.02,207.95,2.67,7.67,-1.0,0.23,0.0,3.03,2.86,5.98
2411,42,39,55,134,134,55,10.0,9.93,146.0,1.19,0.91,1.0,5.0,3.0,0.05,0.26,47.59,3.48,3.64,3.04,0.31,0.0,2.57,2.33,6.41
2513,68,54,55,176,176,112,10.0,27.5,269.19,1.56,0.83,4.35,6.79,6.11,0.02,0.13,151.61,3.22,3.9,1.45,0.32,0.0,2.97,2.81,9.91
2527,28,0,6,41,41,30,0.0,6.69,62.07,2.0,0.65,0.46,2.5,1.55,3.18,0.25,11.69,3.8,2.0,5.38,0.0,0.0,1.21,1.03,0.11
2531,60,39,55,136,136,128,10.0,20.48,211.32,1.35,0.82,3.3,5.71,3.25,0.45,0.17,120.05,2.6,4.9,0.0,0.27,0.0,2.42,2.67,8.77
2535,13,0,7,29,29,78,0.0,1.92,32.0,1.0,1.0,0.31,0.0,0.0,4.97,0.0,14.25,2.96,0.0,-1.0,0.0,0.0,0.23,0.83,0.0
2558,13,0,5,24,24,13,0.0,1.8,36.2,1.0,0.88,1.2,1.79,0.48,-1.0,0.0,11.9,2.79,-1.0,-1.0,0.0,0.0,0.1,0.75,0.08
2583,64,44,58,148,148,126,10.0,15.44,160.56,1.69,0.73,1.66,5.71,4.57,1.78,0.25,74.63,2.06,5.91,2.59,0.27,0.0,2.67,2.64,9.77
2914,0.0,0,0,4,4,2,0.0,0.0,0.0,0.0,0.0,0.0,0.0,0.0,-1.0,1.0,0.37,0.0,-1.0,-1.0,0.0,0.0,0.0,0.06,0.0
2925,52,38,49,77,77,15,0.0,56.83,358.22,1.59,0.44,3.44,2.32,1.3,0.06,0.13,150.78,3.19,5.71,1.61,0.37,0.29,2.0,1.22,0.62
2940,43,78,71,139,139,29,6.67,37.15,344.89,1.19,0.92,10.44,5.0,4.3,0.16,0.21,228.35,2.65,32.41,1.43,0.31,0.0,2.86,2.31,2.96
2941,0.0,124,113,134,134,14,0.0,104.24,554.77,0.0,0.0,5.0,0.0,0.0,0.89,1.0,333.54,1.75,35.23,-1.0,0.37,0.2,2.81,1.44,0.57
2942,0.0,17,9,15,15,1,0.0,9.0,223.33,0.0,0.0,4.33,0.0,0.0,0.94,1.0,8.64,3.54,-1.0,-1.0,0.0,1.33,3.33,0.17,0.0
3013,0.0,0,0,0,0,6,0.0,0.0,0.0,0.0,0.0,0.0,0.0,0.0,-1.0,1.0,0.0,0.0,-1.0,-1.0,0.0,0.0,0.0,0.0,0.0
