Id,attempts,comments,blank_line,lloc,sloc,system_access,exam_grade_codebench,delete_average,average_log_rows,submission_per_exercise,sucess_average,test_average,exercises_list_grade,exercises_list_grade_check_plagiarism,copy_paste_proportion,sintaxe_error,IDE_usage,keystroke_latency,jadud,watson,cont_condition,cont_cicle,cont_variable,error,Media_final
1168,0.0,0,0,1,1,129,0.0,0.0,0.0,0.0,0.0,0.0,0.0,0.0,-1.0,1.0,0.17,8.24,-1.0,-1.0,0.0,0.0,0.0,0.07,0.04
1985,52,14,57,171,171,49,10.0,37.44,382.53,2.75,0.41,5.75,3.33,2.86,0.01,0.15,107.13,3.49,9.94,3.44,0.44,0.0,4.59,1.37,8.13
2040,0.0,0,0,0,0,29,0.0,0.0,0.0,0.0,0.0,0.0,0.0,0.0,-1.0,1.0,0.0,0.0,-1.0,-1.0,0.0,0.0,0.0,0.0,0.39
3142,0.0,0,0,0,0,136,0.0,0.0,0.0,0.0,0.0,0.0,0.0,0.0,-1.0,1.0,0.0,0.0,-1.0,-1.0,0.0,0.0,0.0,0.0,0.06
3649,0.0,0,0,0,0,1,0.0,0.0,0.0,0.0,0.0,0.0,0.0,0.0,-1.0,1.0,0.0,0.0,-1.0,-1.0,0.0,0.0,0.0,0.0,0.0
3757,2,7,4,9,9,31,0.0,0.0,0.0,0.0,0.0,0.0,0.0,0.0,-1.0,1.0,3.92,0.0,-1.0,-1.0,0.0,0.0,0.0,0.07,0.0
3758,41,14,43,114,114,44,0.0,43.33,444.17,2.33,0.38,9.0,2.5,0.0,0.24,0.12,96.17,3.41,25.17,0.0,0.0,1.83,3.46,0.96,0.0
3759,56,12,56,222,222,53,10.0,57.72,576.39,2.33,0.56,24.56,4.17,4.17,0.27,0.21,190.63,3.08,25.39,1.67,0.94,1.67,3.78,1.52,10.0
3760,0.0,0,0,0,0,1,0.0,0.0,0.0,0.0,0.0,0.0,0.0,0.0,-1.0,1.0,0.0,0.0,-1.0,-1.0,0.0,0.0,0.0,0.0,0.04
3761,14,14,27,51,51,40,0.0,89.0,656.33,2.33,0.25,8.17,0.65,0.33,0.37,0.57,75.52,2.36,59.0,28.33,0.83,1.0,3.67,0.44,1.0
3762,0.0,0,0,0,0,1,0.0,0.0,0.0,0.0,0.0,0.0,0.0,0.0,-1.0,1.0,0.0,0.0,-1.0,-1.0,0.0,0.0,0.0,0.0,0.06
3763,0.0,0,5,19,18,20,0.0,10.5,53.0,0.0,0.0,0.0,0.0,0.0,-1.0,1.0,8.09,1.33,-1.0,-1.0,1.5,0.0,3.5,0.15,0.0
3764,0.0,0,0,0,0,21,0.0,0.0,0.0,0.0,0.0,0.0,0.0,0.0,-1.0,1.0,0.0,0.0,-1.0,-1.0,0.0,0.0,0.0,0.0,0.0
3765,0.0,0,0,0,0,10,0.0,0.0,0.0,0.0,0.0,0.0,0.0,0.0,-1.0,1.0,0.0,0.0,-1.0,-1.0,0.0,0.0,0.0,0.0,0.4
3766,0.0,0,0,0,0,5,0.0,0.0,0.0,0.0,0.0,0.0,0.0,0.0,-1.0,1.0,0.0,0.0,-1.0,-1.0,0.0,0.0,0.0,0.0,0.0
3767,0.0,0,0,0,0,3,0.0,0.0,0.0,0.0,0.0,0.0,0.0,0.0,-1.0,1.0,0.0,0.0,-1.0,-1.0,0.0,0.0,0.0,0.0,0.06
3768,22,2,27,64,64,19,0.0,51.75,360.38,2.44,0.36,6.12,1.94,1.94,0.05,0.5,83.06,2.65,67.22,21.78,0.0,1.0,3.56,0.78,1.48
3769,0.0,0,0,0,0,9,0.0,0.0,0.0,0.0,0.0,0.0,0.0,0.0,-1.0,1.0,0.0,0.0,-1.0,-1.0,0.0,0.0,0.0,0.0,0.0
3770,0.0,0,0,0,0,13,0.0,0.0,0.0,0.0,0.0,0.0,0.0,0.0,-1.0,1.0,0.0,0.0,-1.0,-1.0,0.0,0.0,0.0,0.0,0.0
3771,0.0,0,0,0,0,12,0.0,0.0,0.0,0.0,0.0,0.0,0.0,0.0,-1.0,1.0,0.0,0.0,-1.0,-1.0,0.0,0.0,0.0,0.0,0.0
3772,0.0,0,0,0,0,14,0.0,0.0,0.0,0.0,0.0,0.0,0.0,0.0,-1.0,1.0,0.0,0.0,-1.0,-1.0,0.0,0.0,0.0,0.0,0.0
3773,0.0,0,0,0,0,18,0.0,0.0,0.0,0.0,0.0,0.0,0.0,0.0,-1.0,1.0,0.0,0.0,-1.0,-1.0,0.0,0.0,0.0,0.0,0.0
3774,164,19,139,268,268,104,10.0,232.48,1798.74,4.82,0.35,43.35,5.28,3.96,0.22,0.35,748.28,3.05,75.23,13.48,0.96,2.74,2.95,2.07,10.0
3775,0.0,0,0,0,0,14,0.0,0.0,0.0,0.0,0.0,0.0,0.0,0.0,-1.0,1.0,0.0,0.0,-1.0,-1.0,0.0,0.0,0.0,0.0,0.0
3777,0.0,0,0,0,0,143,0.0,0.0,0.0,0.0,0.0,0.0,0.0,0.0,-1.0,1.0,0.0,0.0,-1.0,-1.0,0.0,0.0,0.0,0.0,0.01
3781,49,18,46,94,94,42,0.0,101.4,571.5,4.9,0.56,16.6,2.5,0.0,0.33,0.24,137.69,2.19,51.89,6.67,0.0,1.0,3.9,0.74,1.0
3782,29,9,34,183,183,69,0.0,11.86,129.64,1.2,0.68,7.43,3.61,3.61,0.07,0.21,79.64,3.3,8.21,1.0,1.12,1.0,4.87,1.33,9.0
3785,8,0,1,11,11,38,0.0,0.0,0.0,0.0,0.0,0.0,0.0,0.0,-1.0,0.88,6.59,3.56,-1.0,-1.0,0.0,0.0,0.0,0.07,0.0
3799,1,7,4,8,8,54,0.0,0.0,0.0,0.0,0.0,0.0,0.0,0.0,-1.0,1.0,0.9,0.0,-1.0,-1.0,0.0,0.0,0.0,0.07,0.0
3800,0.0,0,0,0,0,8,0.0,0.0,0.0,0.0,0.0,0.0,0.0,0.0,-1.0,1.0,0.0,0.0,-1.0,-1.0,0.0,0.0,0.0,0.0,0.0
3801,0.0,0,0,1,1,52,0.0,0.0,0.0,0.0,0.0,0.0,0.0,0.0,-1.0,1.0,0.0,0.0,-1.0,-1.0,0.0,0.0,0.0,0.07,0.71
3807,101,13,93,157,157,42,10.0,96.56,833.8,5.4,0.36,63.2,3.33,3.33,0.07,0.4,287.14,3.97,177.33,10.5,0.33,0.0,4.06,1.26,9.0
3812,25,16,64,276,276,90,0.0,0.0,12.17,1.0,1.0,0.09,6.67,0.33,0.0,0.0,6.63,3.69,0.0,-1.0,0.96,1.04,4.22,1.85,4.0
3816,0.0,0,0,0,0,17,0.0,0.0,0.0,0.0,0.0,0.0,0.0,0.0,-1.0,1.0,0.0,0.0,-1.0,-1.0,0.0,0.0,0.0,0.0,0.11
3817,65,11,24,56,56,9,6.67,65.5,837.17,9.29,0.09,17.33,1.11,1.11,0.31,0.4,54.26,3.23,91.17,74.71,0.17,1.0,2.67,0.63,1.0
3831,0.0,0,0,0,0,7,0.0,0.0,0.0,0.0,0.0,0.0,0.0,0.0,-1.0,1.0,0.0,0.0,-1.0,-1.0,0.0,0.0,0.0,0.0,0.0
3855,7,7,9,25,25,16,0.0,72.8,471.8,0.0,0.0,14.2,0.0,0.0,0.0,0.86,3.01,5.59,53.8,0.0,0.8,1.0,2.4,0.33,2.0
3947,0.0,0,0,0,0,0,0.0,0.0,0.0,0.0,0.0,0.0,0.0,0.0,-1.0,1.0,0.0,0.0,-1.0,-1.0,0.0,0.0,0.0,0.0,0.0
1772,0.0,0,0,0,0,0,0.0,0.0,0.0,0.0,0.0,0.0,0.0,0.0,-1.0,1.0,0.0,0.0,-1.0,-1.0,0.0,0.0,0.0,0.0,0.0
1860,0.0,0,0,0,0,2,0.0,0.0,0.0,0.0,0.0,0.0,0.0,0.0,-1.0,1.0,0.0,0.0,-1.0,-1.0,0.0,0.0,0.0,0.0,0.25
2032,0.0,0,0,0,0,0,0.0,0.0,0.0,0.0,0.0,0.0,0.0,0.0,-1.0,1.0,0.0,0.0,-1.0,-1.0,0.0,0.0,0.0,0.0,0.0
2197,251,19,60,308,308,65,6.67,69.72,520.68,4.36,0.7,11.48,6.67,1.2,0.01,0.16,195.71,3.56,5.73,0.96,0.92,1.0,4.27,2.19,8.0
2811,0.0,0,0,0,0,42,0.0,0.0,0.0,0.0,0.0,0.0,0.0,0.0,-1.0,1.0,0.0,0.0,-1.0,-1.0,0.0,0.0,0.0,0.0,0.0
2837,65,14,20,45,45,8,6.67,90.5,615.33,10.83,0.09,13.5,0.56,0.56,0.04,0.28,48.34,2.64,52.17,42.33,0.4,2.0,2.5,0.48,1.0
2916,0.0,0,0,0,0,0,0.0,0.0,0.0,0.0,0.0,0.0,0.0,0.0,-1.0,1.0,0.0,0.0,-1.0,-1.0,0.0,0.0,0.0,0.0,0.01
3152,0.0,0,0,0,0,6,0.0,0.0,0.0,0.0,0.0,0.0,0.0,0.0,-1.0,1.0,0.0,0.0,-1.0,-1.0,0.0,0.0,0.0,0.0,0.0
3650,31,13,31,119,119,15,10.0,96.78,967.5,2.33,0.56,19.7,1.67,1.67,0.06,0.13,128.07,2.75,39.33,4.44,1.2,0.0,4.3,0.78,9.0
3654,10,14,18,55,55,11,0.0,59.0,476.57,1.43,0.06,8.29,0.56,0.28,0.01,0.3,23.14,3.36,34.0,0.0,0.17,0.0,3.86,0.52,2.44
3657,86,16,54,275,275,26,10.0,79.05,690.09,2.86,0.55,11.9,5.56,1.83,0.04,0.33,418.7,3.27,18.76,2.75,1.27,1.0,4.3,1.78,9.0
3658,217,7,12,309,309,103,10.0,46.08,488.83,5.38,0.45,8.4,4.17,0.0,0.17,0.21,380.69,3.2,9.85,8.96,1.08,1.16,3.85,2.63,9.0
3704,126,8,79,158,158,29,6.67,78.31,567.81,6.2,0.32,11.47,3.06,3.06,0.03,0.67,204.97,2.76,45.79,77.6,0.0,1.0,3.94,1.41,6.0
3710,55,17,19,156,156,21,10.0,63.38,473.0,2.31,0.55,10.62,3.61,1.19,0.08,0.18,104.25,3.7,15.5,5.0,0.5,0.0,4.18,1.41,8.0
3711,37,12,31,171,171,37,0.0,14.44,158.6,1.81,0.57,0.67,3.33,1.9,-1.0,0.27,57.29,2.21,5.38,3.19,0.56,1.0,3.69,1.33,1.0
3712,51,15,12,150,150,12,10.0,29.5,277.0,2.93,0.56,4.33,3.33,1.67,0.01,0.47,75.85,1.98,16.69,27.93,0.8,0.0,3.93,1.22,5.0
3713,43,12,14,296,296,52,3.33,10.79,84.48,1.32,0.72,1.5,6.39,2.56,0.28,0.19,48.88,3.43,2.0,1.15,1.08,1.08,4.08,2.04,8.0
3714,13,16,41,57,57,10,3.33,107.43,646.57,1.33,0.5,16.14,1.11,1.11,0.0,0.31,75.65,2.23,66.29,0.17,0.71,0.0,3.57,0.52,1.0
3715,28,7,15,28,28,14,6.67,61.0,464.0,5.6,0.28,19.2,0.56,0.56,-1.0,0.46,19.42,3.02,182.8,52.6,0.8,0.0,3.0,0.48,5.0
3716,85,14,48,135,135,26,10.0,25.0,294.43,4.23,0.24,9.5,3.33,0.0,0.06,0.26,101.82,2.43,16.57,15.36,0.36,0.0,3.57,1.15,8.0
3780,0.0,0,0,0,0,0,0.0,0.0,0.0,0.0,0.0,0.0,0.0,0.0,-1.0,1.0,0.0,0.0,-1.0,-1.0,0.0,0.0,0.0,0.0,0.0
3782,54,14,41,323,323,33,10.0,15.08,177.48,1.52,0.82,6.08,6.67,2.2,0.03,0.13,90.33,3.7,18.81,2.5,1.12,1.0,4.33,2.19,9.0
3821,0.0,0,0,0,0,5,0.0,0.0,0.0,0.0,0.0,0.0,0.0,0.0,-1.0,1.0,0.0,0.0,-1.0,-1.0,0.0,0.0,0.0,0.0,0.0
1216,0.0,0,0,0,0,0,0.0,0.0,0.0,0.0,0.0,0.0,0.0,0.0,-1.0,1.0,0.0,0.0,-1.0,-1.0,0.0,0.0,0.0,0.0,0.0
1226,0.0,0,0,0,0,1,0.0,0.0,0.0,0.0,0.0,0.0,0.0,0.0,-1.0,1.0,0.0,0.0,-1.0,-1.0,0.0,0.0,0.0,0.0,0.0
1268,18,0,1,44,44,19,3.33,4.0,64.6,1.0,0.58,0.2,0.83,0.27,0.0,0.0,8.78,0.0,-1.0,-1.0,0.67,1.0,2.6,0.48,5.48
1561,0.0,0,0,0,0,0,0.0,0.0,0.0,0.0,0.0,0.0,0.0,0.0,-1.0,1.0,0.0,0.0,-1.0,-1.0,0.0,0.0,0.0,0.0,0.21
1985,0.0,0,0,0,0,12,0.0,0.0,0.0,0.0,0.0,0.0,0.0,0.0,-1.0,1.0,0.0,0.0,-1.0,-1.0,0.0,0.0,0.0,0.0,0.11
2104,0.0,0,0,0,0,0,0.0,0.0,0.0,0.0,0.0,0.0,0.0,0.0,-1.0,1.0,0.0,0.0,-1.0,-1.0,0.0,0.0,0.0,0.0,0.2
2125,708,57,7,151,151,60,10.0,342.07,3108.07,26.14,0.14,84.29,3.24,2.43,0.14,0.25,672.18,3.63,143.23,82.71,0.64,0.0,5.0,1.33,6.98
2535,0.0,0,0,0,0,6,0.0,0.0,0.0,0.0,0.0,0.0,0.0,0.0,-1.0,1.0,0.0,0.0,-1.0,-1.0,0.0,0.0,0.0,0.0,0.11
2809,26,48,64,143,143,24,10.0,58.15,711.21,1.23,0.65,13.14,2.78,2.78,0.07,0.23,243.82,2.95,21.0,0.79,0.43,2.33,3.07,1.19,8.0
2810,18,13,13,136,136,10,0.0,16.33,128.6,1.07,0.66,2.29,3.33,1.1,-1.0,0.17,19.52,4.02,13.13,2.31,0.64,1.0,3.93,1.11,1.0
2811,51,15,44,311,311,31,10.0,32.88,255.12,1.36,0.88,3.16,6.67,2.87,0.13,0.2,97.63,4.65,2.52,2.12,1.15,1.04,5.5,2.11,8.0
2829,39,15,76,177,177,27,10.0,74.86,919.2,2.07,0.59,19.14,3.06,0.0,0.08,0.23,250.03,2.61,21.0,3.57,0.93,0.0,4.73,1.19,9.0
2879,0.0,0,0,0,0,1,0.0,0.0,0.0,0.0,0.0,0.0,0.0,0.0,-1.0,1.0,0.0,0.0,-1.0,-1.0,0.0,0.0,0.0,0.0,0.17
2882,19,14,20,156,156,9,0.0,8.57,106.29,0.85,0.7,2.79,3.33,2.23,0.0,0.16,29.51,2.17,2.79,0.0,1.13,0.0,5.47,1.15,1.0
2936,0.0,0,0,0,0,0,0.0,0.0,0.0,0.0,0.0,0.0,0.0,0.0,-1.0,1.0,0.0,0.0,-1.0,-1.0,0.0,0.0,0.0,0.0,0.0
2960,0.0,0,0,0,0,0,0.0,0.0,0.0,0.0,0.0,0.0,0.0,0.0,-1.0,1.0,0.0,0.0,-1.0,-1.0,0.0,0.0,0.0,0.0,0.0
3281,21,11,33,148,148,6,0.0,51.93,415.43,1.15,0.85,4.43,3.61,2.71,0.03,0.29,67.88,4.72,6.92,1.92,1.14,1.0,6.14,1.15,0.12
3467,0.0,0,0,0,0,0,0.0,0.0,0.0,0.0,0.0,0.0,0.0,0.0,-1.0,1.0,0.0,0.0,-1.0,-1.0,0.0,0.0,0.0,0.0,0.04
3645,71,24,9,313,313,19,10.0,36.12,239.44,1.4,0.84,3.16,6.39,1.28,0.01,0.11,140.46,3.42,6.76,1.6,1.12,1.08,4.08,2.19,8.0
3651,67,15,6,276,276,13,10.0,35.48,279.52,1.73,0.73,3.3,6.11,4.22,0.01,0.31,152.77,2.56,18.17,11.62,1.25,1.09,4.04,2.07,10.0
3652,76,16,10,299,299,12,10.0,10.17,86.79,2.12,0.65,1.28,6.39,1.28,0.11,0.32,48.06,3.09,5.64,2.33,1.2,1.09,4.04,2.26,8.0
3655,0.0,0,0,0,0,0,0.0,0.0,0.0,0.0,0.0,0.0,0.0,0.0,-1.0,1.0,0.0,0.0,-1.0,-1.0,0.0,0.0,0.0,0.0,0.18
3656,47,14,31,255,255,26,10.0,46.75,479.95,1.86,0.74,14.05,5.28,3.54,0.04,0.19,108.74,4.11,41.0,2.2,1.24,1.0,5.95,1.74,4.0
3689,0.0,0,0,0,0,3,0.0,0.0,0.0,0.0,0.0,0.0,0.0,0.0,-1.0,1.0,0.0,0.0,-1.0,-1.0,0.0,0.0,0.0,0.0,0.34
3691,27,15,16,232,232,17,10.0,19.0,177.58,1.2,0.9,3.16,5.0,3.35,0.02,0.04,94.06,2.86,7.95,0.0,0.9,1.0,4.52,1.59,9.0
3692,24,7,8,104,104,18,6.67,14.17,285.33,1.5,0.69,0.67,2.5,2.5,0.04,0.12,59.78,2.38,1.58,0.0,0.25,1.0,3.09,1.19,7.0
3693,0.0,0,0,0,0,0,0.0,0.0,0.0,0.0,0.0,0.0,0.0,0.0,-1.0,1.0,0.0,0.0,-1.0,-1.0,0.0,0.0,0.0,0.0,0.0
3694,1,7,4,8,8,5,0.0,0.0,0.0,0.0,0.0,0.0,0.28,0.28,-1.0,0.0,10.58,1.99,-1.0,-1.0,0.0,0.0,0.0,0.07,0.0
3695,3,6,3,13,13,5,0.0,45.33,419.67,1.0,0.5,7.67,0.56,0.56,-1.0,0.33,27.63,3.8,11.67,-1.0,1.0,0.0,3.0,0.19,1.0
3696,26,7,7,25,25,19,0.0,49.2,377.0,5.2,0.1,11.4,0.28,0.28,0.0,0.31,20.25,2.12,52.2,0.0,0.0,1.0,1.8,0.37,0.0
3697,37,18,55,301,301,10,6.67,27.84,195.28,1.32,0.84,2.5,6.39,1.09,0.08,0.11,95.49,2.93,1.88,1.04,1.2,1.09,3.92,2.04,6.0
3698,43,11,17,286,286,26,0.0,4.83,82.92,1.32,0.94,1.0,6.39,1.21,0.01,0.26,28.91,2.36,6.88,3.2,1.08,1.09,3.6,2.04,6.0
3699,33,12,5,305,305,58,6.67,26.16,237.04,1.12,0.94,6.4,6.67,0.0,0.03,0.18,99.27,3.0,9.65,0.0,1.12,1.08,3.92,2.15,9.0
3700,0.0,0,2,4,4,4,0.0,0.0,0.0,0.0,0.0,0.0,0.0,0.0,-1.0,1.0,0.0,0.0,-1.0,-1.0,0.0,0.0,0.0,0.07,0.0
3701,24,0,14,37,37,7,0.0,36.88,353.0,1.71,0.31,2.38,1.11,0.0,0.0,0.62,36.28,2.23,17.14,7.86,0.5,1.0,3.0,0.63,0.0
3702,35,19,65,220,220,10,10.0,26.65,340.41,1.61,0.72,6.61,4.17,2.96,0.06,0.14,283.66,3.29,3.22,0.0,1.0,1.0,4.44,1.41,2.0
3703,43,7,2,292,292,21,10.0,28.12,243.04,1.36,0.82,4.0,6.11,3.06,0.03,0.33,168.93,2.53,11.92,5.58,0.92,1.08,3.69,2.11,4.0
3705,24,15,19,149,149,30,6.67,73.57,409.57,1.0,1.0,6.29,3.33,2.5,0.01,0.04,120.8,3.24,8.21,-1.0,0.53,0.0,4.8,1.15,5.0
3706,21,16,34,181,181,19,10.0,80.33,591.07,1.2,0.68,12.67,3.06,3.06,0.17,0.1,240.09,2.92,32.73,6.53,0.87,1.0,4.27,1.41,7.0
3707,7,1,8,31,31,2,10.0,28.25,281.0,1.75,0.81,4.5,0.28,0.28,0.01,0.0,1.67,1.85,11.75,-1.0,0.75,0.0,2.75,0.3,6.0
3708,21,10,17,135,135,15,3.33,24.87,129.67,0.87,0.73,1.07,3.33,2.23,0.02,0.38,16.07,3.47,9.2,1.0,0.47,1.0,3.62,1.26,0.0
3709,348,29,10,335,335,47,10.0,23.87,291.8,9.54,0.41,5.28,6.11,1.41,0.05,0.22,245.09,2.46,17.58,31.04,1.16,1.13,4.54,2.3,10.0
3718,13,10,11,133,131,6,0.0,6.08,40.83,1.0,0.96,0.0,3.33,0.0,0.0,0.08,9.35,2.43,0.0,0.0,0.85,1.0,3.85,1.07,0.0
3719,0.0,0,0,0,0,0,0.0,0.0,0.0,0.0,0.0,0.0,0.0,0.0,-1.0,1.0,0.0,0.0,-1.0,-1.0,0.0,0.0,0.0,0.0,0.0
3755,55,16,8,278,278,12,10.0,24.21,184.54,1.35,0.79,4.58,6.11,2.2,0.01,0.35,95.85,2.51,11.83,5.83,1.16,1.04,3.92,2.11,9.0
3756,0.0,0,0,0,0,0,0.0,0.0,0.0,0.0,0.0,0.0,0.0,0.0,-1.0,1.0,0.0,0.0,-1.0,-1.0,0.0,0.0,0.0,0.0,0.0
3776,32,15,21,118,118,10,6.67,105.58,608.17,2.0,0.44,14.42,2.22,2.22,0.07,0.5,117.54,2.58,38.25,2.5,0.08,1.0,4.31,0.96,5.0
3778,47,0,4,329,329,11,10.0,29.08,360.71,1.4,0.81,6.32,6.67,5.0,0.1,0.26,174.69,3.33,12.72,5.42,1.23,1.15,4.04,2.19,10.0
3782,0.0,0,0,0,0,25,0.0,0.0,0.0,0.0,0.0,0.0,0.0,0.0,-1.0,1.0,0.0,0.0,-1.0,-1.0,0.0,0.0,0.0,0.0,0.0
3783,37,17,16,215,215,18,0.0,1.31,15.88,1.5,0.79,1.81,5.0,0.65,0.0,0.43,41.91,2.79,3.75,7.76,1.24,1.13,3.94,1.41,5.0
3784,15,17,29,95,95,16,6.67,158.2,1454.5,1.11,0.15,27.3,0.83,0.83,0.02,0.2,214.55,2.63,37.0,-1.0,0.56,1.0,4.3,0.85,2.0
3808,53,11,20,116,116,4,10.0,85.83,419.25,2.5,0.49,4.33,2.5,1.88,0.0,0.62,89.22,2.04,34.33,10.42,0.33,0.0,4.0,1.11,1.0
3810,0.0,0,0,0,0,0,0.0,0.0,0.0,0.0,0.0,0.0,0.0,0.0,-1.0,1.0,0.0,0.0,-1.0,-1.0,0.0,0.0,0.0,0.0,0.74
3811,0.0,0,0,0,0,0,0.0,0.0,0.0,0.0,0.0,0.0,0.0,0.0,-1.0,1.0,0.0,0.0,-1.0,-1.0,0.0,0.0,0.0,0.0,0.0
3821,10,14,24,101,101,4,3.33,34.89,383.0,1.0,0.7,4.11,1.67,1.25,0.0,0.2,39.33,3.43,8.11,-1.0,0.9,0.0,4.6,0.78,0.69
3826,0.0,0,0,0,0,0,0.0,0.0,0.0,0.0,0.0,0.0,0.0,0.0,-1.0,1.0,0.0,0.0,-1.0,-1.0,0.0,0.0,0.0,0.0,0.23
3856,0.0,0,0,0,0,3,0.0,0.0,0.0,0.0,0.0,0.0,0.0,0.0,-1.0,1.0,0.0,0.0,-1.0,-1.0,0.0,0.0,0.0,0.0,0.07
3874,3,0,6,36,36,0,0.0,53.0,330.67,0.0,0.67,3.0,0.56,0.56,1.23,0.0,10.9,4.56,-1.0,-1.0,0.0,0.0,4.67,0.22,0.0
1198,0.0,0,0,0,0,0,0.0,0.0,0.0,0.0,0.0,0.0,0.0,0.0,-1.0,1.0,0.0,0.0,-1.0,-1.0,0.0,0.0,0.0,0.0,0.0
1860,0.0,0,0,0,0,1,0.0,0.0,0.0,0.0,0.0,0.0,0.0,0.0,-1.0,1.0,0.0,0.0,-1.0,-1.0,0.0,0.0,0.0,0.0,0.0
2012,0.0,0,0,0,0,0,0.0,0.0,0.0,0.0,0.0,0.0,0.0,0.0,-1.0,1.0,0.0,0.0,-1.0,-1.0,0.0,0.0,0.0,0.0,0.0
2014,0.0,0,0,0,0,0,0.0,0.0,0.0,0.0,0.0,0.0,0.0,0.0,-1.0,1.0,0.0,0.0,-1.0,-1.0,0.0,0.0,0.0,0.0,0.0
2450,0.0,0,0,0,0,1,0.0,0.0,0.0,0.0,0.0,0.0,0.0,0.0,-1.0,1.0,0.0,0.0,-1.0,-1.0,0.0,0.0,0.0,0.0,0.0
2527,26,14,28,149,149,21,0.0,43.0,270.09,1.82,0.71,3.45,3.33,3.33,0.04,0.46,60.63,3.11,28.73,12.18,0.36,0.0,5.42,1.04,5.0
2531,0.0,0,0,0,0,0,0.0,0.0,0.0,0.0,0.0,0.0,0.0,0.0,-1.0,1.0,0.0,0.0,-1.0,-1.0,0.0,0.0,0.0,0.0,0.0
2681,9,14,12,24,24,18,0.0,47.0,413.25,2.25,0.55,13.25,0.83,0.83,0.94,0.33,36.39,2.68,94.75,47.5,0.75,0.0,5.0,0.38,5.0
2845,10,0,4,17,17,8,3.33,202.0,1018.67,3.33,0.04,11.0,0.0,0.0,9.67,0.5,0.29,0.0,70.33,30.33,0.67,0.0,1.67,0.27,0.0
2887,0.0,0,0,0,0,0,0.0,0.0,0.0,0.0,0.0,0.0,0.0,0.0,-1.0,1.0,0.0,0.0,-1.0,-1.0,0.0,0.0,0.0,0.0,0.0
2969,0.0,0,0,0,0,0,0.0,0.0,0.0,0.0,0.0,0.0,0.0,0.0,-1.0,1.0,0.0,0.0,-1.0,-1.0,0.0,0.0,0.0,0.0,0.0
3334,0.0,0,0,0,0,1,0.0,0.0,0.0,0.0,0.0,0.0,0.0,0.0,-1.0,1.0,0.0,0.0,-1.0,-1.0,0.0,0.0,0.0,0.0,0.0
3336,0.0,0,0,0,0,0,0.0,0.0,0.0,0.0,0.0,0.0,0.0,0.0,-1.0,1.0,0.0,0.0,-1.0,-1.0,0.0,0.0,0.0,0.0,0.0
3358,0.0,7,4,8,8,17,0.0,27.0,79.0,0.0,0.0,3.5,0.0,0.0,-1.0,1.0,9.77,0.0,32.5,-1.0,1.5,0.0,4.0,0.12,1.0
3544,0.0,0,0,0,0,0,0.0,0.0,0.0,0.0,0.0,0.0,0.0,0.0,-1.0,1.0,0.0,0.0,-1.0,-1.0,0.0,0.0,0.0,0.0,0.01
3721,29,14,25,171,171,22,10.0,24.79,223.21,1.57,0.68,2.38,2.78,0.0,0.02,0.34,71.74,2.08,12.5,2.5,0.36,1.0,5.0,1.19,6.0
3722,11,18,17,76,76,20,0.0,48.22,406.38,0.75,0.47,8.33,1.39,0.69,0.0,0.36,136.18,2.13,5.88,0.0,0.12,1.0,3.67,0.69,0.0
3723,44,19,29,154,154,32,3.33,12.23,137.08,1.85,0.76,2.77,3.33,0.0,0.17,0.23,29.69,3.06,6.62,5.0,0.31,0.0,4.79,1.15,5.0
3724,0.0,0,0,0,0,3,0.0,0.0,0.0,0.0,0.0,0.0,0.0,0.0,-1.0,1.0,0.0,0.0,-1.0,-1.0,0.0,0.0,0.0,0.0,0.0
3725,0.0,0,0,0,0,0,0.0,0.0,0.0,0.0,0.0,0.0,0.0,0.0,-1.0,1.0,0.0,0.0,-1.0,-1.0,0.0,0.0,0.0,0.0,0.0
3726,0.0,0,0,0,0,1,0.0,0.0,0.0,0.0,0.0,0.0,0.0,0.0,-1.0,1.0,0.0,0.0,-1.0,-1.0,0.0,0.0,0.0,0.0,0.0
3727,0.0,0,0,0,0,0,0.0,0.0,0.0,0.0,0.0,0.0,0.0,0.0,-1.0,1.0,0.0,0.0,-1.0,-1.0,0.0,0.0,0.0,0.0,0.0
3728,0.0,7,12,20,20,1,0.0,19.67,199.0,0.0,0.0,2.33,0.0,0.0,0.03,1.0,8.78,1.73,20.0,-1.0,1.33,0.67,2.33,0.23,0.0
3729,3,14,8,44,44,15,0.0,95.4,741.8,0.6,0.6,16.4,0.83,0.83,0.16,0.0,74.01,2.6,131.2,12.0,1.0,1.0,3.8,0.5,3.0
3730,0.0,1,1,1,1,0,0.0,0.0,0.0,0.0,0.0,0.0,0.0,0.0,-1.0,1.0,0.0,0.0,-1.0,-1.0,0.0,0.0,0.0,0.08,0.0
3731,1,8,4,19,19,1,0.0,74.5,536.0,0.5,0.0,19.5,0.0,0.0,0.17,1.0,0.0,0.0,207.0,17.5,1.5,0.0,3.5,0.15,0.0
3733,0.0,0,0,0,0,0,0.0,0.0,0.0,0.0,0.0,0.0,0.0,0.0,-1.0,1.0,0.0,0.0,-1.0,-1.0,0.0,0.0,0.0,0.0,0.0
3734,0.0,0,0,0,0,2,0.0,0.0,0.0,0.0,0.0,0.0,0.0,0.0,-1.0,1.0,0.0,0.0,-1.0,-1.0,0.0,0.0,0.0,0.0,0.0
3735,22,17,22,85,85,41,6.67,82.56,587.67,1.88,0.45,9.22,1.39,1.39,0.06,0.36,143.01,1.5,20.25,4.62,0.12,0.0,4.33,0.77,2.0
3737,27,21,39,171,171,57,6.67,89.08,585.46,1.62,0.7,17.69,3.33,3.33,0.05,0.3,219.7,2.73,68.31,5.08,0.46,0.0,5.36,1.08,5.0
3738,101,24,13,150,147,123,10.0,68.4,578.4,2.73,0.64,11.47,3.33,2.66,0.07,0.71,215.88,2.88,35.47,4.0,0.53,1.0,3.53,1.35,9.0
3739,45,16,11,143,143,29,6.67,5.46,35.46,1.57,0.89,2.71,3.33,0.57,0.0,0.13,14.47,2.48,11.36,8.93,0.57,0.0,3.71,1.19,4.1
3740,52,19,46,143,143,59,3.33,13.62,92.31,2.46,0.68,3.23,3.33,0.0,0.0,0.38,9.54,3.34,2.17,16.54,0.31,1.0,4.5,1.35,5.0
3792,36,16,28,136,136,19,0.0,25.33,76.18,3.0,0.69,0.64,2.78,1.39,0.04,0.36,24.38,1.7,4.27,8.36,0.36,0.0,4.75,0.92,1.0
3793,2,10,7,16,16,1,0.0,78.0,322.0,0.0,0.5,3.0,0.28,0.28,-1.0,0.0,14.62,2.37,-1.0,-1.0,1.0,0.0,2.5,0.15,1.25
3794,4,5,5,6,6,1,0.0,0.0,0.0,0.0,0.0,0.0,0.0,0.0,-1.0,1.0,5.83,2.48,-1.0,-1.0,0.0,0.0,0.0,0.08,0.0
3796,1,11,6,33,33,14,0.0,20.8,122.0,0.2,0.0,2.4,0.0,0.0,-1.0,0.0,1.03,0.0,25.0,-1.0,1.4,0.6,2.8,0.38,6.0
3806,22,13,42,180,180,34,10.0,48.64,537.93,1.36,0.79,9.64,3.33,2.5,0.0,0.09,160.87,3.63,22.36,0.0,0.36,0.0,5.27,1.23,9.0
3828,134,41,24,132,132,49,6.67,126.0,1067.08,4.5,0.1,21.33,1.76,1.76,0.08,0.23,196.13,3.12,31.33,16.58,0.67,1.0,4.69,1.15,8.0
3836,0.0,0,0,0,0,0,0.0,0.0,0.0,0.0,0.0,0.0,0.0,0.0,-1.0,1.0,0.0,0.0,-1.0,-1.0,0.0,0.0,0.0,0.0,0.0
1085,0.0,0,0,0,0,12,0.0,0.0,0.0,0.0,0.0,0.0,0.0,0.0,-1.0,1.0,0.0,0.0,-1.0,-1.0,0.0,0.0,0.0,0.0,0.0
1168,0.0,0,0,0,0,129,0.0,0.0,0.0,0.0,0.0,0.0,0.0,0.0,-1.0,1.0,0.0,0.0,-1.0,-1.0,0.0,0.0,0.0,0.0,0.0
2049,28,18,33,143,143,24,3.33,129.79,902.79,1.87,0.32,14.0,1.94,1.94,0.02,0.32,296.76,2.28,43.0,1.07,0.29,1.0,4.0,1.19,2.24
2535,11,13,24,69,69,53,0.0,21.0,281.0,1.14,0.93,4.0,2.22,2.22,0.04,0.27,33.44,3.45,9.29,5.71,0.0,0.0,5.5,0.63,0.62
2848,31,13,23,154,154,79,0.0,32.38,241.31,1.58,0.59,7.0,3.33,1.67,0.0,0.23,53.34,2.85,5.0,4.29,0.54,1.0,5.14,1.15,1.0
2853,42,20,64,327,327,98,10.0,61.38,454.24,1.35,0.85,6.19,6.67,4.47,0.18,0.02,341.76,2.56,1.67,-1.0,1.08,1.0,4.58,2.11,9.0
2864,1,0,0,13,13,2,0.0,20.33,240.0,0.33,0.33,1.67,0.28,0.09,-1.0,0.0,14.77,5.21,9.67,-1.0,0.0,0.33,2.67,0.22,0.01
2891,0.0,0,0,0,0,3,0.0,0.0,0.0,0.0,0.0,0.0,0.0,0.0,-1.0,1.0,0.0,0.0,-1.0,-1.0,0.0,0.0,0.0,0.0,0.0
3030,0.0,0,0,0,0,113,0.0,0.0,0.0,0.0,0.0,0.0,0.0,0.0,-1.0,1.0,0.0,0.0,-1.0,-1.0,0.0,0.0,0.0,0.0,0.0
3620,46,19,15,140,140,58,6.67,143.14,1208.73,2.36,0.41,21.43,2.22,1.78,0.0,0.17,148.57,3.5,28.21,-1.0,0.36,0.0,3.93,1.11,6.0
3741,0.0,0,0,0,0,34,0.0,0.0,0.0,0.0,0.0,0.0,0.0,0.0,-1.0,1.0,0.0,0.0,-1.0,-1.0,0.0,0.0,0.0,0.0,0.0
3742,6,7,8,23,23,38,3.33,159.4,873.8,1.2,0.3,37.4,0.56,0.56,0.03,0.17,26.01,2.63,271.2,0.0,1.0,1.0,1.6,0.37,0.0
3743,34,14,15,196,196,83,6.67,62.42,457.6,1.0,0.64,5.3,3.89,3.62,0.01,0.35,158.63,3.81,15.55,2.0,0.76,0.0,3.76,1.85,5.0
3744,0.0,0,0,0,0,9,0.0,0.0,0.0,0.0,0.0,0.0,0.0,0.0,-1.0,1.0,0.0,0.0,-1.0,-1.0,0.0,0.0,0.0,0.0,0.0
3745,18,15,28,118,118,25,10.0,30.5,312.1,1.4,0.78,6.5,2.22,0.0,0.09,0.17,116.8,2.09,2.6,0.0,1.09,0.0,4.0,0.89,9.0
3746,167,14,29,157,157,55,0.0,158.2,1080.27,2.86,0.41,18.93,3.33,3.33,0.05,0.25,211.84,3.45,44.21,5.71,0.43,1.0,4.21,1.3,4.0
3747,34,20,12,26,26,14,0.0,152.0,828.33,11.33,0.44,43.33,0.56,0.56,0.11,0.74,37.63,3.88,358.0,135.0,1.0,0.0,3.67,0.26,0.0
3748,4,14,10,32,32,28,0.0,101.25,679.75,1.0,0.62,16.25,0.83,0.83,-1.0,0.0,61.51,2.72,77.0,-1.0,0.75,0.0,4.25,0.3,1.0
3749,53,14,66,154,154,45,10.0,69.5,717.2,2.33,0.62,22.81,3.33,2.66,0.03,0.53,234.64,2.18,44.93,6.67,0.4,1.0,4.62,1.22,7.0
3750,36,8,6,165,165,40,6.67,83.73,592.5,2.07,0.59,10.43,3.33,0.0,0.03,0.25,148.81,2.03,28.07,2.86,0.5,0.0,4.93,1.19,6.0
3751,40,15,50,282,282,58,10.0,23.36,333.38,1.31,0.87,4.58,6.67,5.67,0.04,0.03,182.0,3.26,1.36,0.0,0.77,1.0,5.77,2.11,10.0
3752,12,14,7,24,24,25,0.0,177.33,700.67,4.0,0.28,10.67,0.56,0.56,0.41,0.33,50.06,2.09,34.0,16.67,1.0,0.0,3.67,0.26,0.0
3753,30,19,39,136,136,62,0.0,25.71,204.29,1.0,0.7,3.21,3.06,1.53,0.07,0.13,116.58,2.18,13.0,0.08,0.29,0.0,5.07,1.19,1.0
3754,14,17,39,123,123,96,0.0,31.83,389.0,0.92,1.0,4.58,3.06,2.45,0.18,0.14,187.24,1.82,14.08,0.0,0.33,1.0,5.31,1.0,1.07
3798,18,7,11,110,110,65,3.33,125.31,776.15,1.08,0.51,15.0,1.94,1.46,0.0,0.28,113.41,2.24,33.42,0.0,0.42,0.0,3.42,0.96,8.0
3805,0.0,0,0,0,0,64,0.0,0.0,0.0,0.0,0.0,0.0,0.0,0.0,-1.0,1.0,0.0,0.0,-1.0,-1.0,0.0,0.0,0.0,0.0,0.0
3812,95,9,68,302,302,103,10.0,68.32,574.76,2.92,0.46,11.04,6.67,5.34,0.02,0.18,225.96,3.43,24.48,10.0,0.85,1.0,4.19,2.33,4.0
3813,0.0,0,0,0,0,37,0.0,0.0,0.0,0.0,0.0,0.0,0.0,0.0,-1.0,1.0,0.0,0.0,-1.0,-1.0,0.0,0.0,0.0,0.0,0.23
3872,0.0,0,0,0,0,0,0.0,0.0,0.0,0.0,0.0,0.0,0.0,0.0,-1.0,1.0,0.0,0.0,-1.0,-1.0,0.0,0.0,0.0,0.0,0.0
3873,0.0,0,0,0,0,0,0.0,0.0,0.0,0.0,0.0,0.0,0.0,0.0,-1.0,1.0,0.0,0.0,-1.0,-1.0,0.0,0.0,0.0,0.0,0.0
3947,0.0,0,0,0,0,0,0.0,0.0,0.0,0.0,0.0,0.0,0.0,0.0,-1.0,1.0,0.0,0.0,-1.0,-1.0,0.0,0.0,0.0,0.0,0.0
